onset	duration	nwb_table	context	auditory_stim_frequency	auditory_stim_amplitude	auditory_stim_time	auditory_stim_duration	whisker_stim	whisker_stim_amplitude	whisker_stim_time	whisker_stim_duration	opto_stim	opto_stim_frequency	opto_stim_amplitude	opto_stim_start_time	opto_stim_stop_time	lick_flag	lick_time	early_lick	trial_type
24.9434	2.0	trials	go_tone	8000.0	80.0	24.9434	0.1	True	5.0		0.01	False	0.0	0.0	0.0	0.0	True	25.822400000000002	True	1.0
37.33003	2.0	trials	go_tone	8000.0	80.0	37.33003	0.1	True	5.0	38.332635	0.01	False	0.0	0.0	0.0	0.0	True	38.62803	False	1.0
63.761427	2.0	trials	nogo_tone	4000.0	80.0	63.761427	0.1	False				False	0.0	0.0	0.0	0.0	False		False	4.0
95.622178	2.0	trials	go_tone	8000.0	80.0	95.622178	0.1	True	5.0		0.01	False	0.0	0.0	0.0	0.0	True	94.639178	True	1.0
106.142547	2.0	trials	go_tone	8000.0	80.0	106.142547	0.1	True	5.0		0.01	False	0.0	0.0	0.0	0.0	True	107.166547	True	1.0
118.669711	2.0	trials	go_tone	8000.0	80.0	118.669711	0.1	True	5.0	119.672285	0.01	False	0.0	0.0	0.0	0.0	True	119.81571100000001	False	1.0
129.801539	2.0	trials	nogo_tone	4000.0	80.0	129.801539	0.1	False				False	0.0	0.0	0.0	0.0	False		False	4.0
140.40612	2.0	trials	go_tone	8000.0	80.0	140.40612	0.1	False				False	0.0	0.0	0.0	0.0	False		False	2.0
151.08099	2.0	trials	nogo_tone	4000.0	80.0	151.08099	0.1	False				False	0.0	0.0	0.0	0.0	False		False	4.0
161.932328	2.0	trials	no_tone					True	5.0	162.934896	0.01	False	0.0	0.0	0.0	0.0	True	163.157328	False	5.0
173.112649	2.0	trials	go_tone	8000.0	80.0	173.112649	0.1	False				False	0.0	0.0	0.0	0.0	False		False	2.0
184.581672	2.0	trials	no_tone					True	5.0	185.584245	0.01	False	0.0	0.0	0.0	0.0	True	185.848672	False	5.0
195.842599	2.0	trials	no_tone					True	5.0	196.845217	0.01	False	0.0	0.0	0.0	0.0	False		False	5.0
206.851621	2.0	trials	nogo_tone	4000.0	80.0	206.851621	0.1	True	5.0	207.854155	0.01	False	0.0	0.0	0.0	0.0	False		False	3.0
217.62147	2.0	trials	go_tone	8000.0	80.0	217.62147	0.1	False				False	0.0	0.0	0.0	0.0	True	219.14147	False	2.0
228.966229	2.0	trials	nogo_tone	4000.0	80.0	228.966229	0.1	True	5.0	229.968897	0.01	False	0.0	0.0	0.0	0.0	False		False	3.0
240.344003	2.0	trials	nogo_tone	4000.0	80.0	240.344003	0.1	True	5.0	241.346576	0.01	False	0.0	0.0	0.0	0.0	False		False	3.0
251.021673	2.0	trials	nogo_tone	4000.0	80.0	251.021673	0.1	False				False	0.0	0.0	0.0	0.0	False		False	4.0
261.81171	2.0	trials	no_tone					True	5.0	262.814328	0.01	False	0.0	0.0	0.0	0.0	False		False	5.0
273.022332	2.0	trials	go_tone	8000.0	80.0	273.022332	0.1	True	5.0	274.024967	0.01	False	0.0	0.0	0.0	0.0	True	274.445332	False	1.0
284.132304	2.0	trials	nogo_tone	4000.0	80.0	284.132304	0.1	False				False	0.0	0.0	0.0	0.0	False		False	4.0
295.682593	2.0	trials	nogo_tone	4000.0	80.0	295.682593	0.1	False				False	0.0	0.0	0.0	0.0	False		False	4.0
306.982254	2.0	trials	go_tone	8000.0	80.0	306.982254	0.1	True	5.0		0.01	False	0.0	0.0	0.0	0.0	True	306.662254	True	1.0
318.164076	2.0	trials	go_tone	8000.0	80.0	318.164076	0.1	True	5.0		0.01	False	0.0	0.0	0.0	0.0	True	316.80007600000005	True	1.0
328.304273	2.0	trials	go_tone	8000.0	80.0	328.304273	0.1	True	5.0		0.01	False	0.0	0.0	0.0	0.0	True	326.994273	True	1.0
338.502253	2.0	trials	go_tone	8000.0	80.0	338.502253	0.1	True	5.0	339.504826	0.01	False	0.0	0.0	0.0	0.0	True	339.634253	False	1.0
368.662577	2.0	trials	no_tone					True	5.0		0.01	False	0.0	0.0	0.0	0.0	True	367.723577	True	5.0
381.112729	2.0	trials	no_tone					True	5.0	382.115312	0.01	False	0.0	0.0	0.0	0.0	False		False	5.0
392.69444	2.0	trials	go_tone	8000.0	80.0	392.69444	0.1	False				False	0.0	0.0	0.0	0.0	False		False	2.0
403.57314	2.0	trials	go_tone	8000.0	80.0	403.57314	0.1	True	5.0	404.575745	0.01	False	0.0	0.0	0.0	0.0	True	405.43014000000005	False	1.0
414.32496	2.0	trials	go_tone	8000.0	80.0	414.32496	0.1	False				False	0.0	0.0	0.0	0.0	True	413.72396	True	2.0
425.22483	2.0	trials	go_tone	8000.0	80.0	425.22483	0.1	False				False	0.0	0.0	0.0	0.0	False		False	2.0
436.65507	2.0	trials	no_tone					True	5.0	437.657676	0.01	False	0.0	0.0	0.0	0.0	False		False	5.0
447.42349	2.0	trials	nogo_tone	4000.0	80.0	447.42349	0.1	True	5.0	448.426113	0.01	False	0.0	0.0	0.0	0.0	False		False	3.0
458.971452	2.0	trials	nogo_tone	4000.0	80.0	458.971452	0.1	True	5.0	459.974036	0.01	False	0.0	0.0	0.0	0.0	False		False	3.0
470.183241	2.0	trials	nogo_tone	4000.0	80.0	470.183241	0.1	True	5.0	471.185846	0.01	False	0.0	0.0	0.0	0.0	False		False	3.0
481.343262	2.0	trials	go_tone	8000.0	80.0	481.343262	0.1	True	5.0	482.345867	0.01	False	0.0	0.0	0.0	0.0	True	482.866262	False	1.0
492.773573	2.0	trials	go_tone	8000.0	80.0	492.773573	0.1	False				False	0.0	0.0	0.0	0.0	False		False	2.0
504.203646	2.0	trials	go_tone	8000.0	80.0	504.203646	0.1	True	5.0	505.206268	0.01	False	0.0	0.0	0.0	0.0	True	505.437646	False	1.0
515.733523	2.0	trials	nogo_tone	4000.0	80.0	515.733523	0.1	False				False	0.0	0.0	0.0	0.0	False		False	4.0
527.164046	2.0	trials	no_tone					True	5.0	528.16668	0.01	False	0.0	0.0	0.0	0.0	False		False	5.0
538.315517	2.0	trials	nogo_tone	4000.0	80.0	538.315517	0.1	True	5.0	539.31804	0.01	False	0.0	0.0	0.0	0.0	False		False	3.0
549.794096	2.0	trials	go_tone	8000.0	80.0	549.794096	0.1	False				False	0.0	0.0	0.0	0.0	False		False	2.0
560.614478	2.0	trials	nogo_tone	4000.0	80.0	560.614478	0.1	False				False	0.0	0.0	0.0	0.0	False		False	4.0
571.318898	2.0	trials	nogo_tone	4000.0	80.0	571.318898	0.1	False				False	0.0	0.0	0.0	0.0	False		False	4.0
582.175786	2.0	trials	no_tone					True	5.0	583.178453	0.01	False	0.0	0.0	0.0	0.0	False		False	5.0
593.534508	2.0	trials	nogo_tone	4000.0	80.0	593.534508	0.1	True	5.0	594.53708	0.01	False	0.0	0.0	0.0	0.0	True	594.8195079999999	False	3.0
604.66453	2.0	trials	no_tone					True	5.0	605.667152	0.01	False	0.0	0.0	0.0	0.0	False		False	5.0
616.156357	2.0	trials	go_tone	8000.0	80.0	616.156357	0.1	True	5.0		0.01	False	0.0	0.0	0.0	0.0	True	617.1963569999999	True	1.0
628.71266	2.0	trials	go_tone	8000.0	80.0	628.71266	0.1	True	5.0	629.715278	0.01	False	0.0	0.0	0.0	0.0	True	630.07766	False	1.0
639.783281	2.0	trials	go_tone	8000.0	80.0	639.783281	0.1	True	5.0	640.785866	0.01	False	0.0	0.0	0.0	0.0	True	640.946281	False	1.0
650.715202	2.0	trials	go_tone	8000.0	80.0	650.715202	0.1	False				False	0.0	0.0	0.0	0.0	False		False	2.0
671.178631	2.0	trials	nogo_tone	4000.0	80.0	671.178631	0.1	False				False	0.0	0.0	0.0	0.0	False		False	4.0
682.196868	2.0	trials	go_tone	8000.0	80.0	682.196868	0.1	True	5.0		0.01	False	0.0	0.0	0.0	0.0	True	683.194868	True	1.0
694.696871	2.0	trials	go_tone	8000.0	80.0	694.696871	0.1	True	5.0	695.699539	0.01	False	0.0	0.0	0.0	0.0	True	695.825871	False	1.0
705.845693	2.0	trials	no_tone					True	5.0	706.848277	0.01	False	0.0	0.0	0.0	0.0	False		False	5.0
716.637175	2.0	trials	go_tone	8000.0	80.0	716.637175	0.1	True	5.0	717.639797	0.01	False	0.0	0.0	0.0	0.0	True	717.767175	False	1.0
727.575312	2.0	trials	no_tone					True	5.0	728.577918	0.01	False	0.0	0.0	0.0	0.0	False		False	5.0
738.235533	2.0	trials	nogo_tone	4000.0	80.0	738.235533	0.1	True	5.0	739.238155	0.01	False	0.0	0.0	0.0	0.0	True	739.573533	False	3.0
748.896003	2.0	trials	go_tone	8000.0	80.0	748.896003	0.1	False				False	0.0	0.0	0.0	0.0	False		False	2.0
760.057541	2.0	trials	nogo_tone	4000.0	80.0	760.057541	0.1	True	5.0	761.060158	0.01	False	0.0	0.0	0.0	0.0	False		False	3.0
770.665572	2.0	trials	go_tone	8000.0	80.0	770.665572	0.1	True	5.0	771.668146	0.01	False	0.0	0.0	0.0	0.0	True	771.864572	False	1.0
782.087234	2.0	trials	nogo_tone	4000.0	80.0	782.087234	0.1	False				False	0.0	0.0	0.0	0.0	False		False	4.0
793.625674	2.0	trials	go_tone	8000.0	80.0	793.625674	0.1	False				False	0.0	0.0	0.0	0.0	True	794.923674	False	2.0
804.796183	2.0	trials	nogo_tone	4000.0	80.0	804.796183	0.1	True	5.0	805.798767	0.01	False	0.0	0.0	0.0	0.0	False		False	3.0
815.507816	2.0	trials	no_tone					True	5.0	816.510438	0.01	False	0.0	0.0	0.0	0.0	False		False	5.0
826.637704	2.0	trials	go_tone	8000.0	80.0	826.637704	0.1	False				False	0.0	0.0	0.0	0.0	False		False	2.0
837.647725	2.0	trials	nogo_tone	4000.0	80.0	837.647725	0.1	False				False	0.0	0.0	0.0	0.0	False		False	4.0
848.808085	2.0	trials	nogo_tone	4000.0	80.0	848.808085	0.1	True	5.0	849.810669	0.01	False	0.0	0.0	0.0	0.0	False		False	3.0
859.438034	2.0	trials	go_tone	8000.0	80.0	859.438034	0.1	False				False	0.0	0.0	0.0	0.0	False		False	2.0
870.847494	2.0	trials	nogo_tone	4000.0	80.0	870.847494	0.1	False				False	0.0	0.0	0.0	0.0	False		False	4.0
881.576726	2.0	trials	nogo_tone	4000.0	80.0	881.576726	0.1	False				False	0.0	0.0	0.0	0.0	False		False	4.0
892.256914	2.0	trials	nogo_tone	4000.0	80.0	892.256914	0.1	True	5.0	893.25957	0.01	False	0.0	0.0	0.0	0.0	False		False	3.0
903.776574	2.0	trials	nogo_tone	4000.0	80.0	903.776574	0.1	True	5.0	904.779192	0.01	False	0.0	0.0	0.0	0.0	False		False	3.0
914.467106	2.0	trials	nogo_tone	4000.0	80.0	914.467106	0.1	False				False	0.0	0.0	0.0	0.0	False		False	4.0
925.266693	2.0	trials	go_tone	8000.0	80.0	925.266693	0.1	False				False	0.0	0.0	0.0	0.0	True	926.589693	False	2.0
936.366865	2.0	trials	go_tone	8000.0	80.0	936.366865	0.1	False				False	0.0	0.0	0.0	0.0	False		False	2.0
947.407087	2.0	trials	nogo_tone	4000.0	80.0	947.407087	0.1	True	5.0	948.40966	0.01	False	0.0	0.0	0.0	0.0	False		False	3.0
958.227174	2.0	trials	go_tone	8000.0	80.0	958.227174	0.1	False				False	0.0	0.0	0.0	0.0	False		False	2.0
981.330858	2.0	trials	nogo_tone	4000.0	80.0	981.330858	0.1	False				False	0.0	0.0	0.0	0.0	False		False	4.0
992.803069	2.0	trials	no_tone					True	5.0	993.805604	0.01	False	0.0	0.0	0.0	0.0	False		False	5.0
1004.317459	2.0	trials	nogo_tone	4000.0	80.0	1004.317459	0.1	True	5.0	1005.320115	0.01	False	0.0	0.0	0.0	0.0	False		False	3.0
1015.818021	2.0	trials	go_tone	8000.0	80.0	1015.818021	0.1	True	5.0		0.01	False	0.0	0.0	0.0	0.0	True	1016.842021	True	1.0
1028.347784	2.0	trials	go_tone	8000.0	80.0	1028.347784	0.1	True	5.0		0.01	False	0.0	0.0	0.0	0.0	True	1029.187784	True	1.0
1040.689386	2.0	trials	go_tone	8000.0	80.0	1040.689386	0.1	True	5.0	1041.692021	0.01	False	0.0	0.0	0.0	0.0	True	1041.868386	False	1.0
1052.148409	2.0	trials	go_tone	8000.0	80.0	1052.148409	0.1	True	5.0	1053.150993	0.01	False	0.0	0.0	0.0	0.0	True	1053.492409	False	1.0
1063.408547	2.0	trials	nogo_tone	4000.0	80.0	1063.408547	0.1	True	5.0	1064.411154	0.01	False	0.0	0.0	0.0	0.0	False		False	3.0
1074.349268	2.0	trials	no_tone					True	5.0	1075.35189	0.01	False	0.0	0.0	0.0	0.0	False		False	5.0
1085.27994	2.0	trials	no_tone					True	5.0	1086.282513	0.01	False	0.0	0.0	0.0	0.0	False		False	5.0
1096.122177	2.0	trials	go_tone	8000.0	80.0	1096.122177	0.1	False				False	0.0	0.0	0.0	0.0	False		False	2.0
1107.390249	2.0	trials	nogo_tone	4000.0	80.0	1107.390249	0.1	False				False	0.0	0.0	0.0	0.0	False		False	4.0
1118.81966	2.0	trials	go_tone	8000.0	80.0	1118.81966	0.1	False				False	0.0	0.0	0.0	0.0	True	1119.7686600000002	True	2.0
1131.278874	2.0	trials	go_tone	8000.0	80.0	1131.278874	0.1	False				False	0.0	0.0	0.0	0.0	False		False	2.0
1142.158511	2.0	trials	go_tone	8000.0	80.0	1142.158511	0.1	True	5.0	1143.161129	0.01	False	0.0	0.0	0.0	0.0	True	1143.324511	False	1.0
1153.113832	2.0	trials	go_tone	8000.0	80.0	1153.113832	0.1	True	5.0	1154.116466	0.01	False	0.0	0.0	0.0	0.0	True	1154.302832	False	1.0
1164.258654	2.0	trials	no_tone					True	5.0	1165.261226	0.01	False	0.0	0.0	0.0	0.0	False		False	5.0
1175.360542	2.0	trials	nogo_tone	4000.0	80.0	1175.360542	0.1	False				False	0.0	0.0	0.0	0.0	True	1176.446542	False	4.0
1186.211063	2.0	trials	no_tone					True	5.0	1187.213686	0.01	False	0.0	0.0	0.0	0.0	False		False	5.0
1202.130892	2.0	trials	nogo_tone	4000.0	80.0	1202.130892	0.1	True	5.0		0.01	False	0.0	0.0	0.0	0.0	True	1202.198892	True	3.0
1215.589546	2.0	trials	nogo_tone	4000.0	80.0	1215.589546	0.1	True	5.0		0.01	False	0.0	0.0	0.0	0.0	True	1215.329546	True	3.0
1226.831006	2.0	trials	nogo_tone	4000.0	80.0	1226.831006	0.1	True	5.0	1227.833591	0.01	False	0.0	0.0	0.0	0.0	False		False	3.0
1237.959478	2.0	trials	go_tone	8000.0	80.0	1237.959478	0.1	False				False	0.0	0.0	0.0	0.0	False		False	2.0
1248.9512	2.0	trials	no_tone					True	5.0	1249.953783	0.01	False	0.0	0.0	0.0	0.0	True	1250.5122	False	5.0
1260.341338	2.0	trials	go_tone	8000.0	80.0	1260.341338	0.1	True	5.0	1261.343944	0.01	False	0.0	0.0	0.0	0.0	False		False	1.0
1271.45971	2.0	trials	go_tone	8000.0	80.0	1271.45971	0.1	True	5.0	1272.462333	0.01	False	0.0	0.0	0.0	0.0	False		False	1.0
1291.938127	2.0	trials	go_tone	8000.0	80.0	1291.938127	0.1	True	5.0		0.01	False	0.0	0.0	0.0	0.0	True	1292.041127	True	1.0
1303.541449	2.0	trials	go_tone	8000.0	80.0	1303.541449	0.1	True	5.0	1304.544022	0.01	False	0.0	0.0	0.0	0.0	True	1304.762449	False	1.0
1314.84166	2.0	trials	nogo_tone	4000.0	80.0	1314.84166	0.1	False				False	0.0	0.0	0.0	0.0	False		False	4.0
1326.330299	2.0	trials	nogo_tone	4000.0	80.0	1326.330299	0.1	True	5.0	1327.332905	0.01	False	0.0	0.0	0.0	0.0	False		False	3.0
1337.74021	2.0	trials	go_tone	8000.0	80.0	1337.74021	0.1	True	5.0	1338.742793	0.01	False	0.0	0.0	0.0	0.0	True	1338.89221	False	1.0
1348.540492	2.0	trials	no_tone					True	5.0	1349.543116	0.01	False	0.0	0.0	0.0	0.0	False		False	5.0
1359.92182	2.0	trials	nogo_tone	4000.0	80.0	1359.92182	0.1	False				False	0.0	0.0	0.0	0.0	False		False	4.0
1371.340192	2.0	trials	nogo_tone	4000.0	80.0	1371.340192	0.1	False				False	0.0	0.0	0.0	0.0	False		False	4.0
1382.392014	2.0	trials	go_tone	8000.0	80.0	1382.392014	0.1	True	5.0	1383.394585	0.01	False	0.0	0.0	0.0	0.0	True	1383.547014	False	1.0
1393.672352	2.0	trials	go_tone	8000.0	80.0	1393.672352	0.1	True	5.0	1394.674959	0.01	False	0.0	0.0	0.0	0.0	True	1394.7943520000001	False	1.0
1404.437523	2.0	trials	go_tone	8000.0	80.0	1404.437523	0.1	False				False	0.0	0.0	0.0	0.0	False		False	2.0
1415.411044	2.0	trials	go_tone	8000.0	80.0	1415.411044	0.1	False				False	0.0	0.0	0.0	0.0	False		False	2.0
1426.221181	2.0	trials	nogo_tone	4000.0	80.0	1426.221181	0.1	True	5.0	1427.223838	0.01	False	0.0	0.0	0.0	0.0	False		False	3.0
1437.020852	2.0	trials	go_tone	8000.0	80.0	1437.020852	0.1	True	5.0	1438.023437	0.01	False	0.0	0.0	0.0	0.0	True	1438.2118520000001	False	1.0
1447.771072	2.0	trials	no_tone					True	5.0	1448.773707	0.01	False	0.0	0.0	0.0	0.0	False		False	5.0
1458.651772	2.0	trials	nogo_tone	4000.0	80.0	1458.651772	0.1	False				False	0.0	0.0	0.0	0.0	False		False	4.0
1469.462993	2.0	trials	no_tone					True	5.0	1470.465615	0.01	False	0.0	0.0	0.0	0.0	False		False	5.0
1480.751303	2.0	trials	no_tone					True	5.0	1481.753887	0.01	False	0.0	0.0	0.0	0.0	False		False	5.0
1491.493201	2.0	trials	no_tone					True	5.0	1492.495808	0.01	False	0.0	0.0	0.0	0.0	False		False	5.0
1502.141672	2.0	trials	go_tone	8000.0	80.0	1502.141672	0.1	False				False	0.0	0.0	0.0	0.0	False		False	2.0
1512.843343	2.0	trials	nogo_tone	4000.0	80.0	1512.843343	0.1	True	5.0	1513.845927	0.01	False	0.0	0.0	0.0	0.0	False		False	3.0
1523.971831	2.0	trials	nogo_tone	4000.0	80.0	1523.971831	0.1	False				False	0.0	0.0	0.0	0.0	False		False	4.0
1534.861601	2.0	trials	no_tone					True	5.0	1535.864186	0.01	False	0.0	0.0	0.0	0.0	False		False	5.0
1546.163474	2.0	trials	nogo_tone	4000.0	80.0	1546.163474	0.1	True	5.0	1547.166108	0.01	False	0.0	0.0	0.0	0.0	False		False	3.0
1557.390912	2.0	trials	go_tone	8000.0	80.0	1557.390912	0.1	False				False	0.0	0.0	0.0	0.0	True	1558.527912	False	2.0
1568.446433	2.0	trials	go_tone	8000.0	80.0	1568.446433	0.1	False				False	0.0	0.0	0.0	0.0	False		False	2.0
1579.863844	2.0	trials	go_tone	8000.0	80.0	1579.863844	0.1	False				False	0.0	0.0	0.0	0.0	False		False	2.0
1602.085454	2.0	trials	nogo_tone	4000.0	80.0	1602.085454	0.1	True	5.0	1603.088089	0.01	False	0.0	0.0	0.0	0.0	False		False	3.0
1612.662636	2.0	trials	nogo_tone	4000.0	80.0	1612.662636	0.1	False				False	0.0	0.0	0.0	0.0	False		False	4.0
1623.694012	2.0	trials	go_tone	8000.0	80.0	1623.694012	0.1	True	5.0	1624.69668	0.01	False	0.0	0.0	0.0	0.0	True	1624.886012	False	1.0
1634.962285	2.0	trials	nogo_tone	4000.0	80.0	1634.962285	0.1	True	5.0	1635.964868	0.01	False	0.0	0.0	0.0	0.0	False		False	3.0
1646.354057	2.0	trials	nogo_tone	4000.0	80.0	1646.354057	0.1	False				False	0.0	0.0	0.0	0.0	False		False	4.0
1657.094445	2.0	trials	go_tone	8000.0	80.0	1657.094445	0.1	True	5.0	1658.097062	0.01	False	0.0	0.0	0.0	0.0	True	1658.257445	False	1.0
1667.944565	2.0	trials	no_tone					True	5.0	1668.947149	0.01	False	0.0	0.0	0.0	0.0	False		False	5.0
1679.052736	2.0	trials	go_tone	8000.0	80.0	1679.052736	0.1	False				False	0.0	0.0	0.0	0.0	True	1680.5967360000002	False	2.0
1690.584175	2.0	trials	nogo_tone	4000.0	80.0	1690.584175	0.1	True	5.0	1691.586732	0.01	False	0.0	0.0	0.0	0.0	False		False	3.0
1701.355746	2.0	trials	nogo_tone	4000.0	80.0	1701.355746	0.1	False				False	0.0	0.0	0.0	0.0	False		False	4.0
1712.244768	2.0	trials	nogo_tone	4000.0	80.0	1712.244768	0.1	True	5.0	1713.24734	0.01	False	0.0	0.0	0.0	0.0	False		False	3.0
1723.643157	2.0	trials	go_tone	8000.0	80.0	1723.643157	0.1	False				False	0.0	0.0	0.0	0.0	False		False	2.0
1734.563428	2.0	trials	nogo_tone	4000.0	80.0	1734.563428	0.1	True	5.0	1735.566084	0.01	False	0.0	0.0	0.0	0.0	False		False	3.0
1745.845088	2.0	trials	no_tone					True	5.0	1746.847672	0.01	False	0.0	0.0	0.0	0.0	False		False	5.0
1756.765209	2.0	trials	go_tone	8000.0	80.0	1756.765209	0.1	True	5.0	1757.767843	0.01	False	0.0	0.0	0.0	0.0	False		False	1.0
1767.435007	2.0	trials	go_tone	8000.0	80.0	1767.435007	0.1	False				False	0.0	0.0	0.0	0.0	False		False	2.0
1778.933369	2.0	trials	nogo_tone	4000.0	80.0	1778.933369	0.1	False				False	0.0	0.0	0.0	0.0	False		False	4.0
1790.343941	2.0	trials	nogo_tone	4000.0	80.0	1790.343941	0.1	True	5.0	1791.346513	0.01	False	0.0	0.0	0.0	0.0	False		False	3.0
1801.534329	2.0	trials	go_tone	8000.0	80.0	1801.534329	0.1	True	5.0	1802.536935	0.01	False	0.0	0.0	0.0	0.0	True	1802.729329	False	1.0
1816.845439	2.0	trials	no_tone					True	5.0		0.01	False	0.0	0.0	0.0	0.0	True	1815.768439	True	5.0
1827.274337	2.0	trials	no_tone					True	5.0	1828.276992	0.01	False	0.0	0.0	0.0	0.0	False		False	5.0
1838.185857	2.0	trials	nogo_tone	4000.0	80.0	1838.185857	0.1	False				False	0.0	0.0	0.0	0.0	False		False	4.0
1849.485929	2.0	trials	no_tone					True	5.0	1850.488552	0.01	False	0.0	0.0	0.0	0.0	False		False	5.0
1860.494468	2.0	trials	go_tone	8000.0	80.0	1860.494468	0.1	False				False	0.0	0.0	0.0	0.0	False		False	2.0
1871.375889	2.0	trials	no_tone					True	5.0	1872.378461	0.01	False	0.0	0.0	0.0	0.0	False		False	5.0
1882.006159	2.0	trials	go_tone	8000.0	80.0	1882.006159	0.1	False				False	0.0	0.0	0.0	0.0	False		False	2.0
1893.546299	2.0	trials	nogo_tone	4000.0	80.0	1893.546299	0.1	True	5.0	1894.548854	0.01	False	0.0	0.0	0.0	0.0	False		False	3.0
1913.999065	2.0	trials	nogo_tone	4000.0	80.0	1913.999065	0.1	False				False	0.0	0.0	0.0	0.0	False		False	4.0
1925.034486	2.0	trials	go_tone	8000.0	80.0	1925.034486	0.1	True	5.0	1926.03712	0.01	False	0.0	0.0	0.0	0.0	True	1926.325486	False	1.0
1936.155158	2.0	trials	go_tone	8000.0	80.0	1936.155158	0.1	True	5.0	1937.157742	0.01	False	0.0	0.0	0.0	0.0	True	1937.396158	False	1.0
1946.994828	2.0	trials	no_tone					True	5.0	1947.997462	0.01	False	0.0	0.0	0.0	0.0	False		False	5.0
1957.755115	2.0	trials	nogo_tone	4000.0	80.0	1957.755115	0.1	False				False	0.0	0.0	0.0	0.0	False		False	4.0
1968.485448	2.0	trials	go_tone	8000.0	80.0	1968.485448	0.1	False				False	0.0	0.0	0.0	0.0	False		False	2.0
1979.387135	2.0	trials	go_tone	8000.0	80.0	1979.387135	0.1	True	5.0	1980.389741	0.01	False	0.0	0.0	0.0	0.0	True	1980.6111349999999	False	1.0
1990.750246	2.0	trials	nogo_tone	4000.0	80.0	1990.750246	0.1	True	5.0	1991.752829	0.01	False	0.0	0.0	0.0	0.0	True	1992.0442460000002	False	3.0
2001.515178	2.0	trials	no_tone					True	5.0	2002.517801	0.01	False	0.0	0.0	0.0	0.0	False		False	5.0
2012.565117	2.0	trials	go_tone	8000.0	80.0	2012.565117	0.1	False				False	0.0	0.0	0.0	0.0	False		False	2.0
2023.427287	2.0	trials	nogo_tone	4000.0	80.0	2023.427287	0.1	False				False	0.0	0.0	0.0	0.0	False		False	4.0
2034.847347	2.0	trials	nogo_tone	4000.0	80.0	2034.847347	0.1	False				False	0.0	0.0	0.0	0.0	False		False	4.0
2045.597247	2.0	trials	go_tone	8000.0	80.0	2045.597247	0.1	False				False	0.0	0.0	0.0	0.0	True	2046.9682469999998	False	2.0
2056.237467	2.0	trials	go_tone	8000.0	80.0	2056.237467	0.1	True	5.0	2057.240073	0.01	False	0.0	0.0	0.0	0.0	True	2057.458467	False	1.0
2067.567588	2.0	trials	no_tone					True	5.0	2068.570161	0.01	False	0.0	0.0	0.0	0.0	False		False	5.0
2078.237675	2.0	trials	go_tone	8000.0	80.0	2078.237675	0.1	True	5.0	2079.240333	0.01	False	0.0	0.0	0.0	0.0	True	2079.4176749999997	False	1.0
2089.246148	2.0	trials	go_tone	8000.0	80.0	2089.246148	0.1	True	5.0	2090.248753	0.01	False	0.0	0.0	0.0	0.0	True	2090.422148	False	1.0
2100.246469	2.0	trials	no_tone					True	5.0	2101.249091	0.01	False	0.0	0.0	0.0	0.0	False		False	5.0
2111.556357	2.0	trials	nogo_tone	4000.0	80.0	2111.556357	0.1	True	5.0	2112.558963	0.01	False	0.0	0.0	0.0	0.0	False		False	3.0
2122.328078	2.0	trials	nogo_tone	4000.0	80.0	2122.328078	0.1	False				False	0.0	0.0	0.0	0.0	False		False	4.0
2133.58655	2.0	trials	no_tone					True	5.0	2134.589122	0.01	False	0.0	0.0	0.0	0.0	False		False	5.0
2144.79691	2.0	trials	no_tone					True	5.0	2145.799495	0.01	False	0.0	0.0	0.0	0.0	False		False	5.0
2156.3665	2.0	trials	nogo_tone	4000.0	80.0	2156.3665	0.1	True	5.0	2157.369156	0.01	False	0.0	0.0	0.0	0.0	False		False	3.0
2167.863411	2.0	trials	nogo_tone	4000.0	80.0	2167.863411	0.1	True	5.0	2168.865945	0.01	False	0.0	0.0	0.0	0.0	False		False	3.0
2179.297134	2.0	trials	nogo_tone	4000.0	80.0	2179.297134	0.1	False				False	0.0	0.0	0.0	0.0	False		False	4.0
2190.488572	2.0	trials	nogo_tone	4000.0	80.0	2190.488572	0.1	False				False	0.0	0.0	0.0	0.0	False		False	4.0
2201.912983	2.0	trials	no_tone					True	5.0	2202.9156	0.01	False	0.0	0.0	0.0	0.0	False		False	5.0
2224.159576	2.0	trials	nogo_tone	4000.0	80.0	2224.159576	0.1	False				False	0.0	0.0	0.0	0.0	False		False	4.0
2234.796964	2.0	trials	nogo_tone	4000.0	80.0	2234.796964	0.1	True	5.0	2235.799581	0.01	False	0.0	0.0	0.0	0.0	False		False	3.0
2245.557395	2.0	trials	go_tone	8000.0	80.0	2245.557395	0.1	False				False	0.0	0.0	0.0	0.0	False		False	2.0
2256.357532	2.0	trials	go_tone	8000.0	80.0	2256.357532	0.1	False				False	0.0	0.0	0.0	0.0	False		False	2.0
2267.357604	2.0	trials	go_tone	8000.0	80.0	2267.357604	0.1	True	5.0	2268.360176	0.01	False	0.0	0.0	0.0	0.0	False		False	1.0
2278.347225	2.0	trials	go_tone	8000.0	80.0	2278.347225	0.1	True	5.0	2279.349798	0.01	False	0.0	0.0	0.0	0.0	False		False	1.0
2289.879186	2.0	trials	nogo_tone	4000.0	80.0	2289.879186	0.1	True	5.0	2290.88177	0.01	False	0.0	0.0	0.0	0.0	False		False	3.0
2300.687923	2.0	trials	go_tone	8000.0	80.0	2300.687923	0.1	True	5.0	2301.690457	0.01	False	0.0	0.0	0.0	0.0	True	2302.0419229999998	False	1.0
2311.438056	2.0	trials	go_tone	8000.0	80.0	2311.438056	0.1	False				False	0.0	0.0	0.0	0.0	False		False	2.0
2322.379593	2.0	trials	go_tone	8000.0	80.0	2322.379593	0.1	False				False	0.0	0.0	0.0	0.0	False		False	2.0
2333.889655	2.0	trials	nogo_tone	4000.0	80.0	2333.889655	0.1	True	5.0	2334.892238	0.01	False	0.0	0.0	0.0	0.0	False		False	3.0
2345.380077	2.0	trials	nogo_tone	4000.0	80.0	2345.380077	0.1	True	5.0	2346.382699	0.01	False	0.0	0.0	0.0	0.0	False		False	3.0
2356.858089	2.0	trials	no_tone					True	5.0	2357.860672	0.01	False	0.0	0.0	0.0	0.0	False		False	5.0
2367.780026	2.0	trials	go_tone	8000.0	80.0	2367.780026	0.1	True	5.0	2368.782644	0.01	False	0.0	0.0	0.0	0.0	True	2368.921026	False	1.0
2378.378257	2.0	trials	nogo_tone	4000.0	80.0	2378.378257	0.1	False				False	0.0	0.0	0.0	0.0	False		False	4.0
2389.829119	2.0	trials	nogo_tone	4000.0	80.0	2389.829119	0.1	True	5.0	2390.831703	0.01	False	0.0	0.0	0.0	0.0	False		False	3.0
2401.030257	2.0	trials	go_tone	8000.0	80.0	2401.030257	0.1	True	5.0	2402.032925	0.01	False	0.0	0.0	0.0	0.0	True	2402.278257	False	1.0
2411.700277	2.0	trials	go_tone	8000.0	80.0	2411.700277	0.1	True	5.0	2412.702861	0.01	False	0.0	0.0	0.0	0.0	True	2412.8622769999997	False	1.0
2423.068899	2.0	trials	nogo_tone	4000.0	80.0	2423.068899	0.1	False				False	0.0	0.0	0.0	0.0	False		False	4.0
2434.409238	2.0	trials	nogo_tone	4000.0	80.0	2434.409238	0.1	False				False	0.0	0.0	0.0	0.0	False		False	4.0
2445.91875	2.0	trials	go_tone	8000.0	80.0	2445.91875	0.1	False				False	0.0	0.0	0.0	0.0	False		False	2.0
2456.92357	2.0	trials	nogo_tone	4000.0	80.0	2456.92357	0.1	True	5.0	2457.926205	0.01	False	0.0	0.0	0.0	0.0	False		False	3.0
2468.17891	2.0	trials	nogo_tone	4000.0	80.0	2468.17891	0.1	False				False	0.0	0.0	0.0	0.0	False		False	4.0
2479.148831	2.0	trials	go_tone	8000.0	80.0	2479.148831	0.1	False				False	0.0	0.0	0.0	0.0	False		False	2.0
2490.579354	2.0	trials	go_tone	8000.0	80.0	2490.579354	0.1	False				False	0.0	0.0	0.0	0.0	False		False	2.0
2501.72928	2.0	trials	no_tone					True	5.0	2502.731898	0.01	False	0.0	0.0	0.0	0.0	False		False	5.0
2512.999252	2.0	trials	no_tone					True	5.0	2514.001887	0.01	False	0.0	0.0	0.0	0.0	False		False	5.0
2534.303371	2.0	trials	go_tone	8000.0	80.0	2534.303371	0.1	True	5.0	2535.306026	0.01	False	0.0	0.0	0.0	0.0	True	2535.678371	False	1.0
2545.709782	2.0	trials	nogo_tone	4000.0	80.0	2545.709782	0.1	True	5.0	2546.712366	0.01	False	0.0	0.0	0.0	0.0	False		False	3.0
2556.899954	2.0	trials	nogo_tone	4000.0	80.0	2556.899954	0.1	True	5.0	2557.902537	0.01	False	0.0	0.0	0.0	0.0	False		False	3.0
2568.043442	2.0	trials	no_tone					True	5.0	2569.046109	0.01	False	0.0	0.0	0.0	0.0	False		False	5.0
2579.409914	2.0	trials	go_tone	8000.0	80.0	2579.409914	0.1	True	5.0	2580.412437	0.01	False	0.0	0.0	0.0	0.0	False		False	1.0
2590.600236	2.0	trials	no_tone					True	5.0	2591.602858	0.01	False	0.0	0.0	0.0	0.0	False		False	5.0
2601.190172	2.0	trials	nogo_tone	4000.0	80.0	2601.190172	0.1	False				False	0.0	0.0	0.0	0.0	False		False	4.0
2612.231843	2.0	trials	go_tone	8000.0	80.0	2612.231843	0.1	False				False	0.0	0.0	0.0	0.0	False		False	2.0
2623.201682	2.0	trials	go_tone	8000.0	80.0	2623.201682	0.1	False				False	0.0	0.0	0.0	0.0	False		False	2.0
2633.840503	2.0	trials	no_tone					True	5.0	2634.843036	0.01	False	0.0	0.0	0.0	0.0	False		False	5.0
2644.420634	2.0	trials	nogo_tone	4000.0	80.0	2644.420634	0.1	False				False	0.0	0.0	0.0	0.0	False		False	4.0
2655.02052	2.0	trials	go_tone	8000.0	80.0	2655.02052	0.1	True	5.0	2656.023138	0.01	False	0.0	0.0	0.0	0.0	False		False	1.0
2665.850842	2.0	trials	nogo_tone	4000.0	80.0	2665.850842	0.1	True	5.0	2666.853475	0.01	False	0.0	0.0	0.0	0.0	False		False	3.0
2677.220814	2.0	trials	go_tone	8000.0	80.0	2677.220814	0.1	False				False	0.0	0.0	0.0	0.0	False		False	2.0
2688.532302	2.0	trials	nogo_tone	4000.0	80.0	2688.532302	0.1	True	5.0	2689.534958	0.01	False	0.0	0.0	0.0	0.0	False		False	3.0
2699.552374	2.0	trials	nogo_tone	4000.0	80.0	2699.552374	0.1	False				False	0.0	0.0	0.0	0.0	False		False	4.0
2710.582412	2.0	trials	go_tone	8000.0	80.0	2710.582412	0.1	True	5.0	2711.585017	0.01	False	0.0	0.0	0.0	0.0	True	2711.870412	False	1.0
2721.172731	2.0	trials	go_tone	8000.0	80.0	2721.172731	0.1	False				False	0.0	0.0	0.0	0.0	False		False	2.0
2732.501204	2.0	trials	no_tone					True	5.0	2733.503777	0.01	False	0.0	0.0	0.0	0.0	False		False	5.0
2743.842865	2.0	trials	no_tone					True	5.0	2744.845499	0.01	False	0.0	0.0	0.0	0.0	False		False	5.0
2755.282854	2.0	trials	go_tone	8000.0	80.0	2755.282854	0.1	False				False	0.0	0.0	0.0	0.0	False		False	2.0
2766.591375	2.0	trials	no_tone					True	5.0	2767.593948	0.01	False	0.0	0.0	0.0	0.0	False		False	5.0
2777.273163	2.0	trials	nogo_tone	4000.0	80.0	2777.273163	0.1	True	5.0	2778.27582	0.01	False	0.0	0.0	0.0	0.0	False		False	3.0
2787.903433	2.0	trials	nogo_tone	4000.0	80.0	2787.903433	0.1	True	5.0	2788.905967	0.01	False	0.0	0.0	0.0	0.0	False		False	3.0
2799.073105	2.0	trials	nogo_tone	4000.0	80.0	2799.073105	0.1	False				False	0.0	0.0	0.0	0.0	False		False	4.0
2809.911842	2.0	trials	no_tone					True	5.0	2810.914461	0.01	False	0.0	0.0	0.0	0.0	False		False	5.0
2821.142115	2.0	trials	go_tone	8000.0	80.0	2821.142115	0.1	True	5.0	2822.144749	0.01	False	0.0	0.0	0.0	0.0	True	2822.541115	False	1.0
2844.448465	2.0	trials	nogo_tone	4000.0	80.0	2844.448465	0.1	False				False	0.0	0.0	0.0	0.0	False		False	4.0
2855.333887	2.0	trials	go_tone	8000.0	80.0	2855.333887	0.1	True	5.0	2856.336543	0.01	False	0.0	0.0	0.0	0.0	False		False	1.0
2866.852498	2.0	trials	nogo_tone	4000.0	80.0	2866.852498	0.1	True	5.0	2867.855082	0.01	False	0.0	0.0	0.0	0.0	False		False	3.0
2877.832118	2.0	trials	go_tone	8000.0	80.0	2877.832118	0.1	False				False	0.0	0.0	0.0	0.0	False		False	2.0
2890.24265	2.0	trials	nogo_tone	4000.0	80.0	2890.24265	0.1	True	5.0	2891.245306	0.01	False	0.0	0.0	0.0	0.0	True	2891.50965	False	3.0
2901.882061	2.0	trials	go_tone	8000.0	80.0	2901.882061	0.1	False				False	0.0	0.0	0.0	0.0	True	2903.612061	False	2.0
2913.312584	2.0	trials	go_tone	8000.0	80.0	2913.312584	0.1	True	5.0		0.01	False	0.0	0.0	0.0	0.0	True	2913.942584	True	1.0
2925.452746	2.0	trials	go_tone	8000.0	80.0	2925.452746	0.1	True	5.0	2926.455369	0.01	False	0.0	0.0	0.0	0.0	True	2926.629746	False	1.0
2936.692373	2.0	trials	go_tone	8000.0	80.0	2936.692373	0.1	True	5.0	2937.694991	0.01	False	0.0	0.0	0.0	0.0	True	2937.855373	False	1.0
2947.362555	2.0	trials	no_tone					True	5.0	2948.365077	0.01	False	0.0	0.0	0.0	0.0	False		False	5.0
2957.959326	2.0	trials	go_tone	8000.0	80.0	2957.959326	0.1	False				False	0.0	0.0	0.0	0.0	False		False	2.0
2968.533274	2.0	trials	nogo_tone	4000.0	80.0	2968.533274	0.1	False				False	0.0	0.0	0.0	0.0	False		False	4.0
2979.104843	2.0	trials	nogo_tone	4000.0	80.0	2979.104843	0.1	True	5.0	2980.107428	0.01	False	0.0	0.0	0.0	0.0	False		False	3.0
2989.68453	2.0	trials	nogo_tone	4000.0	80.0	2989.68453	0.1	False				False	0.0	0.0	0.0	0.0	False		False	4.0
3000.743152	2.0	trials	no_tone					True	5.0	3001.745786	0.01	False	0.0	0.0	0.0	0.0	False		False	5.0
3011.764774	2.0	trials	nogo_tone	4000.0	80.0	3011.764774	0.1	False				False	0.0	0.0	0.0	0.0	False		False	4.0
3023.103512	2.0	trials	go_tone	8000.0	80.0	3023.103512	0.1	True	5.0	3024.10618	0.01	False	0.0	0.0	0.0	0.0	False		False	1.0
3033.813932	2.0	trials	go_tone	8000.0	80.0	3033.813932	0.1	False				False	0.0	0.0	0.0	0.0	False		False	2.0
3045.323305	2.0	trials	go_tone	8000.0	80.0	3045.323305	0.1	False				False	0.0	0.0	0.0	0.0	False		False	2.0
3056.083992	2.0	trials	go_tone	8000.0	80.0	3056.083992	0.1	False				False	0.0	0.0	0.0	0.0	False		False	2.0
3066.713812	2.0	trials	go_tone	8000.0	80.0	3066.713812	0.1	False				False	0.0	0.0	0.0	0.0	False		False	2.0
3077.715884	2.0	trials	go_tone	8000.0	80.0	3077.715884	0.1	False				False	0.0	0.0	0.0	0.0	False		False	2.0
3088.654083	2.0	trials	nogo_tone	4000.0	80.0	3088.654083	0.1	False				False	0.0	0.0	0.0	0.0	False		False	4.0
3099.575654	2.0	trials	go_tone	8000.0	80.0	3099.575654	0.1	False				False	0.0	0.0	0.0	0.0	False		False	2.0
3110.15424	2.0	trials	nogo_tone	4000.0	80.0	3110.15424	0.1	True	5.0	3111.156858	0.01	False	0.0	0.0	0.0	0.0	False		False	3.0
3121.141813	2.0	trials	go_tone	8000.0	80.0	3121.141813	0.1	True	5.0	3122.144446	0.01	False	0.0	0.0	0.0	0.0	True	3122.339813	False	1.0
3131.964383	2.0	trials	no_tone					True	5.0	3132.966967	0.01	False	0.0	0.0	0.0	0.0	False		False	5.0
3154.593893	2.0	trials	nogo_tone	4000.0	80.0	3154.593893	0.1	False				False	0.0	0.0	0.0	0.0	False		False	4.0
3165.344564	2.0	trials	nogo_tone	4000.0	80.0	3165.344564	0.1	False				False	0.0	0.0	0.0	0.0	False		False	4.0
3176.114651	2.0	trials	no_tone					True	5.0	3177.117319	0.01	False	0.0	0.0	0.0	0.0	False		False	5.0
3187.676463	2.0	trials	nogo_tone	4000.0	80.0	3187.676463	0.1	True	5.0	3188.679046	0.01	False	0.0	0.0	0.0	0.0	False		False	3.0
3198.684484	2.0	trials	go_tone	8000.0	80.0	3198.684484	0.1	False				False	0.0	0.0	0.0	0.0	False		False	2.0
3210.164524	2.0	trials	no_tone					True	5.0	3211.167191	0.01	False	0.0	0.0	0.0	0.0	False		False	5.0
3221.055344	2.0	trials	nogo_tone	4000.0	80.0	3221.055344	0.1	False				False	0.0	0.0	0.0	0.0	False		False	4.0
3232.556866	2.0	trials	nogo_tone	4000.0	80.0	3232.556866	0.1	True	5.0	3233.55944	0.01	False	0.0	0.0	0.0	0.0	False		False	3.0
3243.815028	2.0	trials	nogo_tone	4000.0	80.0	3243.815028	0.1	False				False	0.0	0.0	0.0	0.0	False		False	4.0
3254.945416	2.0	trials	go_tone	8000.0	80.0	3254.945416	0.1	True	5.0	3255.947983	0.01	False	0.0	0.0	0.0	0.0	True	3256.240416	False	1.0
3265.885686	2.0	trials	nogo_tone	4000.0	80.0	3265.885686	0.1	True	5.0	3266.888321	0.01	False	0.0	0.0	0.0	0.0	False		False	3.0
3276.637236	2.0	trials	go_tone	8000.0	80.0	3276.637236	0.1	True	5.0	3277.639842	0.01	False	0.0	0.0	0.0	0.0	True	3277.860236	False	1.0
3288.145496	2.0	trials	go_tone	8000.0	80.0	3288.145496	0.1	True	5.0	3289.148114	0.01	False	0.0	0.0	0.0	0.0	True	3289.3674960000003	False	1.0
3299.315419	2.0	trials	nogo_tone	4000.0	80.0	3299.315419	0.1	True	5.0	3300.317991	0.01	False	0.0	0.0	0.0	0.0	False		False	3.0
3310.227339	2.0	trials	no_tone					True	5.0	3311.229913	0.01	False	0.0	0.0	0.0	0.0	False		False	5.0
3321.536079	2.0	trials	no_tone					True	5.0	3322.538734	0.01	False	0.0	0.0	0.0	0.0	False		False	5.0
3332.477549	2.0	trials	go_tone	8000.0	80.0	3332.477549	0.1	True	5.0	3333.480122	0.01	False	0.0	0.0	0.0	0.0	True	3333.693549	False	1.0
3343.79566	2.0	trials	no_tone					True	5.0	3344.798243	0.01	False	0.0	0.0	0.0	0.0	False		False	5.0
3354.516059	2.0	trials	nogo_tone	4000.0	80.0	3354.516059	0.1	False				False	0.0	0.0	0.0	0.0	False		False	4.0
3365.41758	2.0	trials	nogo_tone	4000.0	80.0	3365.41758	0.1	True	5.0	3366.420152	0.01	False	0.0	0.0	0.0	0.0	False		False	3.0
3376.668552	2.0	trials	go_tone	8000.0	80.0	3376.668552	0.1	True	5.0	3377.671174	0.01	False	0.0	0.0	0.0	0.0	True	3377.917552	False	1.0
3387.835979	2.0	trials	go_tone	8000.0	80.0	3387.835979	0.1	False				False	0.0	0.0	0.0	0.0	True	3388.666979	True	2.0
3400.167893	2.0	trials	go_tone	8000.0	80.0	3400.167893	0.1	False				False	0.0	0.0	0.0	0.0	False		False	2.0
3410.808112	2.0	trials	go_tone	8000.0	80.0	3410.808112	0.1	False				False	0.0	0.0	0.0	0.0	False		False	2.0
3421.936833	2.0	trials	nogo_tone	4000.0	80.0	3421.936833	0.1	True	5.0	3422.939418	0.01	False	0.0	0.0	0.0	0.0	False		False	3.0
3433.135173	2.0	trials	nogo_tone	4000.0	80.0	3433.135173	0.1	False				False	0.0	0.0	0.0	0.0	False		False	4.0
3443.738492	2.0	trials	no_tone					True	5.0	3444.741077	0.01	False	0.0	0.0	0.0	0.0	False		False	5.0
3464.738261	2.0	trials	go_tone	8000.0	80.0	3464.738261	0.1	True	5.0	3465.740845	0.01	False	0.0	0.0	0.0	0.0	False		False	1.0
3475.326942	2.0	trials	no_tone					True	5.0	3476.329565	0.01	False	0.0	0.0	0.0	0.0	False		False	5.0
3486.108779	2.0	trials	nogo_tone	4000.0	80.0	3486.108779	0.1	True	5.0	3487.111364	0.01	False	0.0	0.0	0.0	0.0	False		False	3.0
3497.25725	2.0	trials	go_tone	8000.0	80.0	3497.25725	0.1	True	5.0	3498.259823	0.01	False	0.0	0.0	0.0	0.0	True	3498.51625	False	1.0
3507.989138	2.0	trials	no_tone					True	5.0	3508.991756	0.01	False	0.0	0.0	0.0	0.0	False		False	5.0
3518.929059	2.0	trials	go_tone	8000.0	80.0	3518.929059	0.1	True	5.0	3519.931643	0.01	False	0.0	0.0	0.0	0.0	True	3520.156059	False	1.0
3530.248931	2.0	trials	no_tone					True	5.0		0.01	False	0.0	0.0	0.0	0.0	True	3529.936931	True	5.0
3541.437171	2.0	trials	no_tone					True	5.0		0.01	False	0.0	0.0	0.0	0.0	True	3540.694171	True	5.0
3556.55909	2.0	trials	no_tone					True	5.0	3557.561662	0.01	False	0.0	0.0	0.0	0.0	False		False	5.0
3567.8594	2.0	trials	nogo_tone	4000.0	80.0	3567.8594	0.1	True	5.0	3568.861935	0.01	False	0.0	0.0	0.0	0.0	False		False	3.0
3579.102189	2.0	trials	go_tone	8000.0	80.0	3579.102189	0.1	False				False	0.0	0.0	0.0	0.0	False		False	2.0
3590.359561	2.0	trials	nogo_tone	4000.0	80.0	3590.359561	0.1	False				False	0.0	0.0	0.0	0.0	False		False	4.0
3601.109581	2.0	trials	nogo_tone	4000.0	80.0	3601.109581	0.1	True	5.0	3602.112216	0.01	False	0.0	0.0	0.0	0.0	False		False	3.0
3612.37797	2.0	trials	go_tone	8000.0	80.0	3612.37797	0.1	False				False	0.0	0.0	0.0	0.0	False		False	2.0
3623.389942	2.0	trials	go_tone	8000.0	80.0	3623.389942	0.1	True	5.0	3624.392515	0.01	False	0.0	0.0	0.0	0.0	True	3624.8139419999998	False	1.0
3634.008062	2.0	trials	no_tone					True	5.0	3635.010646	0.01	False	0.0	0.0	0.0	0.0	False		False	5.0
3645.525801	2.0	trials	nogo_tone	4000.0	80.0	3645.525801	0.1	True	5.0	3646.528407	0.01	False	0.0	0.0	0.0	0.0	False		False	3.0
3657.002012	2.0	trials	go_tone	8000.0	80.0	3657.002012	0.1	True	5.0	3658.004597	0.01	False	0.0	0.0	0.0	0.0	True	3658.199012	False	1.0
3668.419935	2.0	trials	no_tone					True	5.0	3669.422558	0.01	False	0.0	0.0	0.0	0.0	False		False	5.0
3679.060222	2.0	trials	nogo_tone	4000.0	80.0	3679.060222	0.1	False				False	0.0	0.0	0.0	0.0	False		False	4.0
3689.803642	2.0	trials	nogo_tone	4000.0	80.0	3689.803642	0.1	False				False	0.0	0.0	0.0	0.0	False		False	4.0
3700.465141	2.0	trials	nogo_tone	4000.0	80.0	3700.465141	0.1	False				False	0.0	0.0	0.0	0.0	False		False	4.0
3711.250312	2.0	trials	nogo_tone	4000.0	80.0	3711.250312	0.1	False				False	0.0	0.0	0.0	0.0	False		False	4.0
3721.968932	2.0	trials	go_tone	8000.0	80.0	3721.968932	0.1	True	5.0	3722.971516	0.01	False	0.0	0.0	0.0	0.0	True	3723.164932	False	1.0
3732.579229	2.0	trials	go_tone	8000.0	80.0	3732.579229	0.1	False				False	0.0	0.0	0.0	0.0	False		False	2.0
3743.431201	2.0	trials	nogo_tone	4000.0	80.0	3743.431201	0.1	True	5.0	3744.433774	0.01	False	0.0	0.0	0.0	0.0	False		False	3.0
3754.649023	2.0	trials	go_tone	8000.0	80.0	3754.649023	0.1	False				False	0.0	0.0	0.0	0.0	False		False	2.0
3775.13144	2.0	trials	nogo_tone	4000.0	80.0	3775.13144	0.1	True	5.0	3776.134073	0.01	False	0.0	0.0	0.0	0.0	True	3776.55244	False	3.0
3786.7093	2.0	trials	nogo_tone	4000.0	80.0	3786.7093	0.1	True	5.0	3787.711885	0.01	False	0.0	0.0	0.0	0.0	True	3788.5533	False	3.0
3797.729688	2.0	trials	go_tone	8000.0	80.0	3797.729688	0.1	False				False	0.0	0.0	0.0	0.0	False		False	2.0
3808.81961	2.0	trials	nogo_tone	4000.0	80.0	3808.81961	0.1	False				False	0.0	0.0	0.0	0.0	False		False	4.0
3819.891232	2.0	trials	nogo_tone	4000.0	80.0	3819.891232	0.1	False				False	0.0	0.0	0.0	0.0	False		False	4.0
3831.401921	2.0	trials	no_tone					True	5.0	3832.404527	0.01	False	0.0	0.0	0.0	0.0	False		False	5.0
3841.999691	2.0	trials	go_tone	8000.0	80.0	3841.999691	0.1	True	5.0	3843.002275	0.01	False	0.0	0.0	0.0	0.0	True	3843.198691	False	1.0
3853.200063	2.0	trials	go_tone	8000.0	80.0	3853.200063	0.1	True	5.0	3854.202585	0.01	False	0.0	0.0	0.0	0.0	False		False	1.0
3864.457651	2.0	trials	no_tone					True	5.0	3865.460307	0.01	False	0.0	0.0	0.0	0.0	False		False	5.0
3875.501922	2.0	trials	nogo_tone	4000.0	80.0	3875.501922	0.1	False				False	0.0	0.0	0.0	0.0	False		False	4.0
3886.880184	2.0	trials	go_tone	8000.0	80.0	3886.880184	0.1	True	5.0	3887.882769	0.01	False	0.0	0.0	0.0	0.0	True	3888.096184	False	1.0
3897.460283	2.0	trials	nogo_tone	4000.0	80.0	3897.460283	0.1	False				False	0.0	0.0	0.0	0.0	False		False	4.0
3909.002093	2.0	trials	nogo_tone	4000.0	80.0	3909.002093	0.1	True	5.0	3910.004677	0.01	False	0.0	0.0	0.0	0.0	False		False	3.0
3919.633242	2.0	trials	go_tone	8000.0	80.0	3919.633242	0.1	True	5.0	3920.635897	0.01	False	0.0	0.0	0.0	0.0	True	3920.904242	False	1.0
3930.770502	2.0	trials	go_tone	8000.0	80.0	3930.770502	0.1	False				False	0.0	0.0	0.0	0.0	False		False	2.0
3941.750373	2.0	trials	no_tone					True	5.0	3942.752957	0.01	False	0.0	0.0	0.0	0.0	False		False	5.0
3953.062511	2.0	trials	no_tone					True	5.0	3954.065128	0.01	False	0.0	0.0	0.0	0.0	False		False	5.0
3964.351135	2.0	trials	go_tone	8000.0	80.0	3964.351135	0.1	False				False	0.0	0.0	0.0	0.0	False		False	2.0
3975.533156	2.0	trials	nogo_tone	4000.0	80.0	3975.533156	0.1	True	5.0	3976.535778	0.01	False	0.0	0.0	0.0	0.0	False		False	3.0
3986.921183	2.0	trials	no_tone					True	5.0	3987.9238	0.01	False	0.0	0.0	0.0	0.0	False		False	5.0
3997.601014	2.0	trials	go_tone	8000.0	80.0	3997.601014	0.1	False				False	0.0	0.0	0.0	0.0	False		False	2.0
4008.821226	2.0	trials	go_tone	8000.0	80.0	4008.821226	0.1	False				False	0.0	0.0	0.0	0.0	False		False	2.0
4019.751063	2.0	trials	go_tone	8000.0	80.0	4019.751063	0.1	False				False	0.0	0.0	0.0	0.0	False		False	2.0
4030.401695	2.0	trials	nogo_tone	4000.0	80.0	4030.401695	0.1	False				False	0.0	0.0	0.0	0.0	False		False	4.0
4041.861306	2.0	trials	go_tone	8000.0	80.0	4041.861306	0.1	True	5.0	4042.86389	0.01	False	0.0	0.0	0.0	0.0	False		False	1.0
4052.648405	2.0	trials	no_tone					True	5.0	4053.651028	0.01	False	0.0	0.0	0.0	0.0	False		False	5.0
4064.062015	2.0	trials	nogo_tone	4000.0	80.0	4064.062015	0.1	False				False	0.0	0.0	0.0	0.0	False		False	4.0
4085.267334	2.0	trials	nogo_tone	4000.0	80.0	4085.267334	0.1	True	5.0	4086.269957	0.01	False	0.0	0.0	0.0	0.0	False		False	3.0
4096.043554	2.0	trials	nogo_tone	4000.0	80.0	4096.043554	0.1	True	5.0	4097.046139	0.01	False	0.0	0.0	0.0	0.0	False		False	3.0
4107.282043	2.0	trials	go_tone	8000.0	80.0	4107.282043	0.1	True	5.0	4108.284699	0.01	False	0.0	0.0	0.0	0.0	False		False	1.0
4118.442116	2.0	trials	go_tone	8000.0	80.0	4118.442116	0.1	True	5.0	4119.444688	0.01	False	0.0	0.0	0.0	0.0	False		False	1.0
4129.762575	2.0	trials	go_tone	8000.0	80.0	4129.762575	0.1	True	5.0	4130.76516	0.01	False	0.0	0.0	0.0	0.0	False		False	1.0
4140.961864	2.0	trials	nogo_tone	4000.0	80.0	4140.961864	0.1	True	5.0	4141.964531	0.01	False	0.0	0.0	0.0	0.0	False		False	3.0
4152.013085	2.0	trials	no_tone					True	5.0	4153.015669	0.01	False	0.0	0.0	0.0	0.0	False		False	5.0
4163.432475	2.0	trials	no_tone					True	5.0	4164.435131	0.01	False	0.0	0.0	0.0	0.0	False		False	5.0
4174.814035	2.0	trials	go_tone	8000.0	80.0	4174.814035	0.1	False				False	0.0	0.0	0.0	0.0	False		False	2.0
4186.103957	2.0	trials	no_tone					True	5.0	4187.106541	0.01	False	0.0	0.0	0.0	0.0	False		False	5.0
4197.56423	2.0	trials	nogo_tone	4000.0	80.0	4197.56423	0.1	False				False	0.0	0.0	0.0	0.0	False		False	4.0
4209.094408	2.0	trials	nogo_tone	4000.0	80.0	4209.094408	0.1	True	5.0	4210.096976	0.01	False	0.0	0.0	0.0	0.0	False		False	3.0
4220.042879	2.0	trials	nogo_tone	4000.0	80.0	4220.042879	0.1	False				False	0.0	0.0	0.0	0.0	False		False	4.0
4230.884499	2.0	trials	nogo_tone	4000.0	80.0	4230.884499	0.1	True	5.0	4231.887135	0.01	False	0.0	0.0	0.0	0.0	False		False	3.0
4242.093439	2.0	trials	go_tone	8000.0	80.0	4242.093439	0.1	True	5.0	4243.096056	0.01	False	0.0	0.0	0.0	0.0	True	4243.314439	False	1.0
4253.29331	2.0	trials	nogo_tone	4000.0	80.0	4253.29331	0.1	False				False	0.0	0.0	0.0	0.0	False		False	4.0
4263.964581	2.0	trials	go_tone	8000.0	80.0	4263.964581	0.1	True	5.0	4264.967164	0.01	False	0.0	0.0	0.0	0.0	True	4265.136581	False	1.0
4275.362919	2.0	trials	go_tone	8000.0	80.0	4275.362919	0.1	True	5.0	4276.365526	0.01	False	0.0	0.0	0.0	0.0	True	4276.551919	False	1.0
4285.92479	2.0	trials	go_tone	8000.0	80.0	4285.92479	0.1	False				False	0.0	0.0	0.0	0.0	False		False	2.0
4297.018061	2.0	trials	go_tone	8000.0	80.0	4297.018061	0.1	False				False	0.0	0.0	0.0	0.0	False		False	2.0
4307.677348	2.0	trials	go_tone	8000.0	80.0	4307.677348	0.1	False				False	0.0	0.0	0.0	0.0	False		False	2.0
4318.715119	2.0	trials	nogo_tone	4000.0	80.0	4318.715119	0.1	True	5.0	4319.717704	0.01	False	0.0	0.0	0.0	0.0	False		False	3.0
4330.015308	2.0	trials	nogo_tone	4000.0	80.0	4330.015308	0.1	False				False	0.0	0.0	0.0	0.0	False		False	4.0
4340.825578	2.0	trials	go_tone	8000.0	80.0	4340.825578	0.1	False				False	0.0	0.0	0.0	0.0	False		False	2.0
4352.366052	2.0	trials	nogo_tone	4000.0	80.0	4352.366052	0.1	False				False	0.0	0.0	0.0	0.0	False		False	4.0
4362.954138	2.0	trials	go_tone	8000.0	80.0	4362.954138	0.1	False				False	0.0	0.0	0.0	0.0	False		False	2.0
4374.06571	2.0	trials	nogo_tone	4000.0	80.0	4374.06571	0.1	False				False	0.0	0.0	0.0	0.0	False		False	4.0
4395.412879	2.0	trials	no_tone					True	5.0	4396.415485	0.01	False	0.0	0.0	0.0	0.0	False		False	5.0
4406.89859	2.0	trials	nogo_tone	4000.0	80.0	4406.89859	0.1	True	5.0	4407.901174	0.01	False	0.0	0.0	0.0	0.0	False		False	3.0
4417.74606	2.0	trials	no_tone					True	5.0	4418.748694	0.01	False	0.0	0.0	0.0	0.0	False		False	5.0
4429.11485	2.0	trials	nogo_tone	4000.0	80.0	4429.11485	0.1	True	5.0	4430.117467	0.01	False	0.0	0.0	0.0	0.0	False		False	3.0
4439.976121	2.0	trials	go_tone	8000.0	80.0	4439.976121	0.1	True	5.0	4440.978754	0.01	False	0.0	0.0	0.0	0.0	True	4441.264120999999	False	1.0
4451.096092	2.0	trials	no_tone					True	5.0	4452.098676	0.01	False	0.0	0.0	0.0	0.0	False		False	5.0
4462.26173	2.0	trials	go_tone	8000.0	80.0	4462.26173	0.1	False				False	0.0	0.0	0.0	0.0	False		False	2.0
4473.276502	2.0	trials	no_tone					True	5.0	4474.279157	0.01	False	0.0	0.0	0.0	0.0	False		False	5.0
4484.066522	2.0	trials	go_tone	8000.0	80.0	4484.066522	0.1	False				False	0.0	0.0	0.0	0.0	False		False	2.0
4496.856475	2.0	trials	go_tone	8000.0	80.0	4496.856475	0.1	False				False	0.0	0.0	0.0	0.0	True	4495.815474999999	True	2.0
4511.104972	2.0	trials	go_tone	8000.0	80.0	4511.104972	0.1	False				False	0.0	0.0	0.0	0.0	True	4511.464972	True	2.0
4522.965034	2.0	trials	go_tone	8000.0	80.0	4522.965034	0.1	False				False	0.0	0.0	0.0	0.0	False		False	2.0
4533.966872	2.0	trials	nogo_tone	4000.0	80.0	4533.966872	0.1	True	5.0	4534.969489	0.01	False	0.0	0.0	0.0	0.0	True	4535.288872	False	3.0
4545.805084	2.0	trials	go_tone	8000.0	80.0	4545.805084	0.1	True	5.0	4546.807618	0.01	False	0.0	0.0	0.0	0.0	False		False	1.0
4556.605866	2.0	trials	go_tone	8000.0	80.0	4556.605866	0.1	False				False	0.0	0.0	0.0	0.0	False		False	2.0
4567.516153	2.0	trials	no_tone					True	5.0		0.01	False	0.0	0.0	0.0	0.0	True	4567.046152999999	True	5.0
4578.547225	2.0	trials	no_tone					True	5.0	4579.549849	0.01	False	0.0	0.0	0.0	0.0	False		False	5.0
4589.637347	2.0	trials	go_tone	8000.0	80.0	4589.637347	0.1	False				False	0.0	0.0	0.0	0.0	False		False	2.0
4600.717423	2.0	trials	nogo_tone	4000.0	80.0	4600.717423	0.1	False				False	0.0	0.0	0.0	0.0	False		False	4.0
4611.556655	2.0	trials	go_tone	8000.0	80.0	4611.556655	0.1	True	5.0	4612.559278	0.01	False	0.0	0.0	0.0	0.0	False		False	1.0
4622.477627	2.0	trials	no_tone					True	5.0	4623.480199	0.01	False	0.0	0.0	0.0	0.0	False		False	5.0
4633.057463	2.0	trials	no_tone					True	5.0	4634.060131	0.01	False	0.0	0.0	0.0	0.0	False		False	5.0
4644.206434	2.0	trials	nogo_tone	4000.0	80.0	4644.206434	0.1	True	5.0	4645.209007	0.01	False	0.0	0.0	0.0	0.0	False		False	3.0
4654.926755	2.0	trials	go_tone	8000.0	80.0	4654.926755	0.1	True	5.0	4655.92929	0.01	False	0.0	0.0	0.0	0.0	False		False	1.0
4665.887644	2.0	trials	nogo_tone	4000.0	80.0	4665.887644	0.1	True	5.0	4666.890227	0.01	False	0.0	0.0	0.0	0.0	False		False	3.0
4676.478024	2.0	trials	go_tone	8000.0	80.0	4676.478024	0.1	True	6.0	4677.480297	0.01	False	0.0	0.0	0.0	0.0	False		False	1.0
4687.956553	2.0	trials	nogo_tone	4000.0	80.0	4687.956553	0.1	False				False	0.0	0.0	0.0	0.0	False		False	4.0
4708.43928	2.0	trials	nogo_tone	4000.0	80.0	4708.43928	0.1	False				False	0.0	0.0	0.0	0.0	False		False	4.0
4719.976692	2.0	trials	nogo_tone	4000.0	80.0	4719.976692	0.1	True	6.0	4720.979009	0.01	False	0.0	0.0	0.0	0.0	False		False	3.0
4730.808712	2.0	trials	no_tone					True	6.0	4731.810997	0.01	False	0.0	0.0	0.0	0.0	False		False	5.0
4741.396961	2.0	trials	nogo_tone	4000.0	80.0	4741.396961	0.1	True	6.0	4742.399267	0.01	False	0.0	0.0	0.0	0.0	False		False	3.0
4752.167081	2.0	trials	go_tone	8000.0	80.0	4752.167081	0.1	False				False	0.0	0.0	0.0	0.0	False		False	2.0
4763.408803	2.0	trials	go_tone	8000.0	80.0	4763.408803	0.1	True	6.0	4764.411125	0.01	False	0.0	0.0	0.0	0.0	False		False	1.0
4774.617192	2.0	trials	go_tone	8000.0	80.0	4774.617192	0.1	True	6.0	4775.619498	0.01	False	0.0	0.0	0.0	0.0	False		False	1.0
4785.777552	2.0	trials	nogo_tone	4000.0	80.0	4785.777552	0.1	False				False	0.0	0.0	0.0	0.0	False		False	4.0
4797.214624	2.0	trials	nogo_tone	4000.0	80.0	4797.214624	0.1	True	6.0		0.01	False	0.0	0.0	0.0	0.0	True	4797.806624	True	3.0
4809.307903	2.0	trials	nogo_tone	4000.0	80.0	4809.307903	0.1	True	6.0	4810.31021	0.01	False	0.0	0.0	0.0	0.0	False		False	3.0
4820.387825	2.0	trials	no_tone					True	6.0	4821.390148	0.01	False	0.0	0.0	0.0	0.0	False		False	5.0
4831.409247	2.0	trials	nogo_tone	4000.0	80.0	4831.409247	0.1	False				False	0.0	0.0	0.0	0.0	False		False	4.0
4842.387535	2.0	trials	nogo_tone	4000.0	80.0	4842.387535	0.1	False				False	0.0	0.0	0.0	0.0	False		False	4.0
4852.991005	2.0	trials	no_tone					True	6.0	4853.993339	0.01	False	0.0	0.0	0.0	0.0	False		False	5.0
4863.979476	2.0	trials	go_tone	8000.0	80.0	4863.979476	0.1	False				False	0.0	0.0	0.0	0.0	False		False	2.0
4874.619375	2.0	trials	nogo_tone	4000.0	80.0	4874.619375	0.1	True	6.0	4875.621697	0.01	False	0.0	0.0	0.0	0.0	True	4875.934375	False	3.0
4885.899634	2.0	trials	nogo_tone	4000.0	80.0	4885.899634	0.1	True	6.0	4886.90197	0.01	False	0.0	0.0	0.0	0.0	False		False	3.0
4897.049823	2.0	trials	no_tone					True	6.0	4898.052141	0.01	False	0.0	0.0	0.0	0.0	False		False	5.0
4907.729793	2.0	trials	no_tone					True	6.0	4908.732078	0.01	False	0.0	0.0	0.0	0.0	False		False	5.0
4919.048116	2.0	trials	go_tone	8000.0	80.0	4919.048116	0.1	True	6.0	4920.050449	0.01	False	0.0	0.0	0.0	0.0	True	4920.201116	False	1.0
4930.318655	2.0	trials	go_tone	8000.0	80.0	4930.318655	0.1	True	6.0	4931.321011	0.01	False	0.0	0.0	0.0	0.0	True	4931.610655	False	1.0
4940.888575	2.0	trials	nogo_tone	4000.0	80.0	4940.888575	0.1	False				False	0.0	0.0	0.0	0.0	False		False	4.0
4951.948196	2.0	trials	nogo_tone	4000.0	80.0	4951.948196	0.1	True	6.0	4952.95053	0.01	False	0.0	0.0	0.0	0.0	False		False	3.0
4962.949783	2.0	trials	nogo_tone	4000.0	80.0	4962.949783	0.1	False				False	0.0	0.0	0.0	0.0	False		False	4.0
4974.070855	2.0	trials	nogo_tone	4000.0	80.0	4974.070855	0.1	True	6.0		0.01	False	0.0	0.0	0.0	0.0	True	4974.394855	True	3.0
4985.900468	2.0	trials	nogo_tone	4000.0	80.0	4985.900468	0.1	True	6.0	4986.902801	0.01	False	0.0	0.0	0.0	0.0	False		False	3.0
4997.238956	2.0	trials	nogo_tone	4000.0	80.0	4997.238956	0.1	False				False	0.0	0.0	0.0	0.0	False		False	4.0
5018.572076	2.0	trials	go_tone	8000.0	80.0	5018.572076	0.1	False				False	0.0	0.0	0.0	0.0	False		False	2.0
5029.329346	2.0	trials	go_tone	8000.0	80.0	5029.329346	0.1	False				False	0.0	0.0	0.0	0.0	False		False	2.0
5040.131117	2.0	trials	no_tone					True	6.0	5041.133451	0.01	False	0.0	0.0	0.0	0.0	False		False	5.0
5050.810704	2.0	trials	go_tone	8000.0	80.0	5050.810704	0.1	True	6.0	5051.813021	0.01	False	0.0	0.0	0.0	0.0	False		False	1.0
5061.629286	2.0	trials	nogo_tone	4000.0	80.0	5061.629286	0.1	True	6.0	5062.631608	0.01	False	0.0	0.0	0.0	0.0	False		False	3.0
5072.335656	2.0	trials	nogo_tone	4000.0	80.0	5072.335656	0.1	False				False	0.0	0.0	0.0	0.0	False		False	4.0
5083.889234	2.0	trials	go_tone	8000.0	80.0	5083.889234	0.1	False				False	0.0	0.0	0.0	0.0	False		False	2.0
5094.559266	2.0	trials	go_tone	8000.0	80.0	5094.559266	0.1	True	6.0	5095.561638	0.01	False	0.0	0.0	0.0	0.0	False		False	1.0
5105.230086	2.0	trials	go_tone	8000.0	80.0	5105.230086	0.1	False				False	0.0	0.0	0.0	0.0	False		False	2.0
5116.081274	2.0	trials	go_tone	8000.0	80.0	5116.081274	0.1	True	6.0	5117.083608	0.01	False	0.0	0.0	0.0	0.0	False		False	1.0
5127.081445	2.0	trials	nogo_tone	4000.0	80.0	5127.081445	0.1	False				False	0.0	0.0	0.0	0.0	False		False	4.0
5138.090133	2.0	trials	no_tone					True	7.0	5139.092301	0.01	False	0.0	0.0	0.0	0.0	False		False	5.0
5149.120304	2.0	trials	go_tone	8000.0	80.0	5149.120304	0.1	True	7.0	5150.122388	0.01	False	0.0	0.0	0.0	0.0	False		False	1.0
5160.021325	2.0	trials	go_tone	8000.0	80.0	5160.021325	0.1	False				False	0.0	0.0	0.0	0.0	False		False	2.0
5170.671912	2.0	trials	nogo_tone	4000.0	80.0	5170.671912	0.1	True	7.0	5171.67408	0.01	False	0.0	0.0	0.0	0.0	False		False	3.0
5181.860183	2.0	trials	no_tone					True	7.0	5182.862268	0.01	False	0.0	0.0	0.0	0.0	False		False	5.0
5192.732055	2.0	trials	nogo_tone	4000.0	80.0	5192.732055	0.1	False				False	0.0	0.0	0.0	0.0	False		False	4.0
5204.250645	2.0	trials	no_tone					True	7.0	5205.25275	0.01	False	0.0	0.0	0.0	0.0	False		False	5.0
5214.890865	2.0	trials	go_tone	8000.0	80.0	5214.890865	0.1	True	7.0	5215.892948	0.01	False	0.0	0.0	0.0	0.0	True	5216.146865000001	False	1.0
5226.088836	2.0	trials	no_tone					True	7.0		0.01	False	0.0	0.0	0.0	0.0	True	5225.580836	True	5.0
5237.083925	2.0	trials	no_tone					True	7.0	5238.086042	0.01	False	0.0	0.0	0.0	0.0	False		False	5.0
5248.223396	2.0	trials	no_tone					True	7.0	5249.225518	0.01	False	0.0	0.0	0.0	0.0	False		False	5.0
5259.295417	2.0	trials	go_tone	8000.0	80.0	5259.295417	0.1	False				False	0.0	0.0	0.0	0.0	False		False	2.0
5270.632705	2.0	trials	go_tone	8000.0	80.0	5270.632705	0.1	False				False	0.0	0.0	0.0	0.0	False		False	2.0
5281.282577	2.0	trials	nogo_tone	4000.0	80.0	5281.282577	0.1	False				False	0.0	0.0	0.0	0.0	False		False	4.0
5292.622916	2.0	trials	nogo_tone	4000.0	80.0	5292.622916	0.1	True	7.0	5293.625021	0.01	False	0.0	0.0	0.0	0.0	False		False	3.0
5303.693075	2.0	trials	no_tone					True	7.0	5304.695192	0.01	False	0.0	0.0	0.0	0.0	False		False	5.0
5328.719542	2.0	trials	go_tone	8000.0	80.0	5328.719542	0.1	False				False	0.0	0.0	0.0	0.0	False		False	2.0
5339.53319	2.0	trials	nogo_tone	4000.0	80.0	5339.53319	0.1	True	7.0	5340.535297	0.01	False	0.0	0.0	0.0	0.0	True	5341.56819	False	3.0
5351.373254	2.0	trials	go_tone	8000.0	80.0	5351.373254	0.1	False				False	0.0	0.0	0.0	0.0	False		False	2.0
5363.521816	2.0	trials	nogo_tone	4000.0	80.0	5363.521816	0.1	False				False	0.0	0.0	0.0	0.0	True	5363.991816000001	True	4.0
5380.873857	2.0	trials	nogo_tone	4000.0	80.0	5380.873857	0.1	False				False	0.0	0.0	0.0	0.0	False		False	4.0
5391.613407	2.0	trials	go_tone	8000.0	80.0	5391.613407	0.1	True	7.0	5392.61553	0.01	False	0.0	0.0	0.0	0.0	True	5392.748407	False	1.0
5402.313627	2.0	trials	nogo_tone	4000.0	80.0	5402.313627	0.1	False				False	0.0	0.0	0.0	0.0	False		False	4.0
5412.883563	2.0	trials	nogo_tone	4000.0	80.0	5412.883563	0.1	True	7.0	5413.885731	0.01	False	0.0	0.0	0.0	0.0	True	5414.078563	False	3.0
5423.832334	2.0	trials	go_tone	8000.0	80.0	5423.832334	0.1	True	7.0	5424.834419	0.01	False	0.0	0.0	0.0	0.0	True	5424.966334	False	1.0
5435.313974	2.0	trials	nogo_tone	4000.0	80.0	5435.313974	0.1	False				False	0.0	0.0	0.0	0.0	False		False	4.0
5446.322445	2.0	trials	go_tone	8000.0	80.0	5446.322445	0.1	True	7.0	5447.324601	0.01	False	0.0	0.0	0.0	0.0	True	5447.4684449999995	False	1.0
5456.933015	2.0	trials	nogo_tone	4000.0	80.0	5456.933015	0.1	True	7.0	5457.935099	0.01	False	0.0	0.0	0.0	0.0	False		False	3.0
5468.412656	2.0	trials	nogo_tone	4000.0	80.0	5468.412656	0.1	True	7.0	5469.414811	0.01	False	0.0	0.0	0.0	0.0	False		False	3.0
5479.475576	2.0	trials	nogo_tone	4000.0	80.0	5479.475576	0.1	False				False	0.0	0.0	0.0	0.0	False		False	4.0
5490.253147	2.0	trials	go_tone	8000.0	80.0	5490.253147	0.1	True	7.0	5491.255219	0.01	False	0.0	0.0	0.0	0.0	True	5491.440147	False	1.0
5501.312934	2.0	trials	nogo_tone	4000.0	80.0	5501.312934	0.1	True	7.0	5502.315091	0.01	False	0.0	0.0	0.0	0.0	False		False	3.0
5512.134406	2.0	trials	no_tone					True	7.0	5513.13649	0.01	False	0.0	0.0	0.0	0.0	False		False	5.0
5522.823092	2.0	trials	no_tone					True	7.0	5523.82526	0.01	False	0.0	0.0	0.0	0.0	False		False	5.0
5534.154564	2.0	trials	go_tone	8000.0	80.0	5534.154564	0.1	False				False	0.0	0.0	0.0	0.0	False		False	2.0
5545.490388	2.0	trials	nogo_tone	4000.0	80.0	5545.490388	0.1	False				False	0.0	0.0	0.0	0.0	False		False	4.0
5556.733164	2.0	trials	go_tone	8000.0	80.0	5556.733164	0.1	False				False	0.0	0.0	0.0	0.0	False		False	2.0
5568.020486	2.0	trials	go_tone	8000.0	80.0	5568.020486	0.1	True	7.0	5569.02257	0.01	False	0.0	0.0	0.0	0.0	False		False	1.0
5578.903124	2.0	trials	go_tone	8000.0	80.0	5578.903124	0.1	True	7.0	5579.905242	0.01	False	0.0	0.0	0.0	0.0	True	5580.076124	False	1.0
5589.863745	2.0	trials	go_tone	8000.0	80.0	5589.863745	0.1	False				False	0.0	0.0	0.0	0.0	False		False	2.0
5601.085417	2.0	trials	nogo_tone	4000.0	80.0	5601.085417	0.1	False				False	0.0	0.0	0.0	0.0	False		False	4.0
5612.266855	2.0	trials	go_tone	8000.0	80.0	5612.266855	0.1	False				False	0.0	0.0	0.0	0.0	False		False	2.0
5638.861204	2.0	trials	nogo_tone	4000.0	80.0	5638.861204	0.1	False				False	0.0	0.0	0.0	0.0	False		False	4.0
5649.804174	2.0	trials	no_tone					True	7.0	5650.806258	0.01	False	0.0	0.0	0.0	0.0	False		False	5.0
5660.985596	2.0	trials	go_tone	8000.0	80.0	5660.985596	0.1	False				False	0.0	0.0	0.0	0.0	False		False	2.0
5672.324185	2.0	trials	go_tone	8000.0	80.0	5672.324185	0.1	True	7.0	5673.32629	0.01	False	0.0	0.0	0.0	0.0	False		False	1.0
5683.015705	2.0	trials	nogo_tone	4000.0	80.0	5683.015705	0.1	True	7.0	5684.017789	0.01	False	0.0	0.0	0.0	0.0	False		False	3.0
5693.775993	2.0	trials	nogo_tone	4000.0	80.0	5693.775993	0.1	True	7.0	5694.77816	0.01	False	0.0	0.0	0.0	0.0	True	5695.008993	False	3.0
5705.216116	2.0	trials	nogo_tone	4000.0	80.0	5705.216116	0.1	False				False	0.0	0.0	0.0	0.0	False		False	4.0
5716.575988	2.0	trials	no_tone					True	7.0	5717.57811	0.01	False	0.0	0.0	0.0	0.0	False		False	5.0
5727.525375	2.0	trials	no_tone					True	7.0	5728.527481	0.01	False	0.0	0.0	0.0	0.0	False		False	5.0
5738.894786	2.0	trials	go_tone	8000.0	80.0	5738.894786	0.1	True	7.0	5739.89687	0.01	False	0.0	0.0	0.0	0.0	True	5740.116786	False	1.0
5749.724507	2.0	trials	nogo_tone	4000.0	80.0	5749.724507	0.1	False				False	0.0	0.0	0.0	0.0	False		False	4.0
5760.721994	2.0	trials	nogo_tone	4000.0	80.0	5760.721994	0.1	False				False	0.0	0.0	0.0	0.0	False		False	4.0
5771.391527	2.0	trials	go_tone	8000.0	80.0	5771.391527	0.1	False				False	0.0	0.0	0.0	0.0	False		False	2.0
5782.595265	2.0	trials	go_tone	8000.0	80.0	5782.595265	0.1	False				False	0.0	0.0	0.0	0.0	False		False	2.0
5794.155376	2.0	trials	nogo_tone	4000.0	80.0	5794.155376	0.1	False				False	0.0	0.0	0.0	0.0	False		False	4.0
5805.335198	2.0	trials	no_tone					True	7.0	5806.33732	0.01	False	0.0	0.0	0.0	0.0	False		False	5.0
5816.686875	2.0	trials	go_tone	8000.0	80.0	5816.686875	0.1	False				False	0.0	0.0	0.0	0.0	False		False	2.0
5827.875398	2.0	trials	nogo_tone	4000.0	80.0	5827.875398	0.1	True	7.0	5828.877481	0.01	False	0.0	0.0	0.0	0.0	False		False	3.0
5839.085369	2.0	trials	nogo_tone	4000.0	80.0	5839.085369	0.1	True	7.0	5840.087503	0.01	False	0.0	0.0	0.0	0.0	False		False	3.0
5850.435559	2.0	trials	nogo_tone	4000.0	80.0	5850.435559	0.1	True	7.0	5851.437664	0.01	False	0.0	0.0	0.0	0.0	False		False	3.0
5861.245329	2.0	trials	no_tone					True	7.0	5862.247401	0.01	False	0.0	0.0	0.0	0.0	False		False	5.0
5872.71544	2.0	trials	go_tone	8000.0	80.0	5872.71544	0.1	True	7.0	5873.717573	0.01	False	0.0	0.0	0.0	0.0	True	5873.93044	False	1.0
5883.355488	2.0	trials	go_tone	8000.0	80.0	5883.355488	0.1	True	7.0	5884.357561	0.01	False	0.0	0.0	0.0	0.0	False		False	1.0
5894.45556	2.0	trials	nogo_tone	4000.0	80.0	5894.45556	0.1	True	7.0	5895.457682	0.01	False	0.0	0.0	0.0	0.0	False		False	3.0
5905.317547	2.0	trials	go_tone	8000.0	80.0	5905.317547	0.1	True	7.0	5906.319653	0.01	False	0.0	0.0	0.0	0.0	True	5906.639547	False	1.0
5916.707758	2.0	trials	no_tone					True	7.0	5917.709842	0.01	False	0.0	0.0	0.0	0.0	False		False	5.0
5928.926372	2.0	trials	go_tone	8000.0	80.0	5928.926372	0.1	False				False	0.0	0.0	0.0	0.0	True	5929.195372	True	2.0
5949.015398	2.0	trials	go_tone	8000.0	80.0	5949.015398	0.1	False				False	0.0	0.0	0.0	0.0	True	5947.5283979999995	True	2.0
5959.028645	2.0	trials	go_tone	8000.0	80.0	5959.028645	0.1	False				False	0.0	0.0	0.0	0.0	True	5959.376645	True	2.0
5970.886457	2.0	trials	go_tone	8000.0	80.0	5970.886457	0.1	False				False	0.0	0.0	0.0	0.0	False		False	2.0
5982.387646	2.0	trials	go_tone	8000.0	80.0	5982.387646	0.1	False				False	0.0	0.0	0.0	0.0	False		False	2.0
5993.306567	2.0	trials	go_tone	8000.0	80.0	5993.306567	0.1	False				False	0.0	0.0	0.0	0.0	True	5992.329567	True	2.0
6003.838388	2.0	trials	go_tone	8000.0	80.0	6003.838388	0.1	False				False	0.0	0.0	0.0	0.0	False		False	2.0
6015.086526	2.0	trials	nogo_tone	4000.0	80.0	6015.086526	0.1	True	7.0	6016.088644	0.01	False	0.0	0.0	0.0	0.0	False		False	3.0
6026.001347	2.0	trials	nogo_tone	4000.0	80.0	6026.001347	0.1	True	7.0	6027.00343	0.01	False	0.0	0.0	0.0	0.0	False		False	3.0
6036.788767	2.0	trials	go_tone	8000.0	80.0	6036.788767	0.1	True	7.0	6037.790851	0.01	False	0.0	0.0	0.0	0.0	True	6038.052767	False	1.0
6048.166857	2.0	trials	go_tone	8000.0	80.0	6048.166857	0.1	True	7.0	6049.168962	0.01	False	0.0	0.0	0.0	0.0	True	6049.3648570000005	False	1.0
6059.087427	2.0	trials	nogo_tone	4000.0	80.0	6059.087427	0.1	False				False	0.0	0.0	0.0	0.0	False		False	4.0
6069.777814	2.0	trials	go_tone	8000.0	80.0	6069.777814	0.1	False				False	0.0	0.0	0.0	0.0	False		False	2.0
6080.868986	2.0	trials	go_tone	8000.0	80.0	6080.868986	0.1	True	7.0	6081.87107	0.01	False	0.0	0.0	0.0	0.0	False		False	1.0
6091.667807	2.0	trials	go_tone	8000.0	80.0	6091.667807	0.1	False				False	0.0	0.0	0.0	0.0	False		False	2.0
6102.507455	2.0	trials	go_tone	8000.0	80.0	6102.507455	0.1	True	7.0	6103.509528	0.01	False	0.0	0.0	0.0	0.0	True	6103.683455	False	1.0
6113.707716	2.0	trials	nogo_tone	4000.0	80.0	6113.707716	0.1	False				False	0.0	0.0	0.0	0.0	False		False	4.0
6125.170256	2.0	trials	go_tone	8000.0	80.0	6125.170256	0.1	False				False	0.0	0.0	0.0	0.0	False		False	2.0
6136.695516	2.0	trials	nogo_tone	4000.0	80.0	6136.695516	0.1	True	7.0	6137.697601	0.01	False	0.0	0.0	0.0	0.0	False		False	3.0
6147.889488	2.0	trials	nogo_tone	4000.0	80.0	6147.889488	0.1	False				False	0.0	0.0	0.0	0.0	False		False	4.0
6159.369377	2.0	trials	no_tone					True	7.0	6160.371484	0.01	False	0.0	0.0	0.0	0.0	False		False	5.0
6170.367749	2.0	trials	no_tone					True	7.0	6171.369872	0.01	False	0.0	0.0	0.0	0.0	False		False	5.0
6180.997969	2.0	trials	go_tone	8000.0	80.0	6180.997969	0.1	True	7.0	6182.000053	0.01	False	0.0	0.0	0.0	0.0	True	6182.255969	False	1.0
6191.898356	2.0	trials	nogo_tone	4000.0	80.0	6191.898356	0.1	False				False	0.0	0.0	0.0	0.0	False		False	4.0
6202.638439	2.0	trials	nogo_tone	4000.0	80.0	6202.638439	0.1	True	7.0	6203.640562	0.01	False	0.0	0.0	0.0	0.0	True	6204.1974390000005	False	3.0
6213.548027	2.0	trials	nogo_tone	4000.0	80.0	6213.548027	0.1	True	7.0	6214.550132	0.01	False	0.0	0.0	0.0	0.0	False		False	3.0
6224.218596	2.0	trials	nogo_tone	4000.0	80.0	6224.218596	0.1	False				False	0.0	0.0	0.0	0.0	False		False	4.0
6235.459186	2.0	trials	no_tone					True	7.0	6236.461291	0.01	False	0.0	0.0	0.0	0.0	False		False	5.0
6259.160059	2.0	trials	nogo_tone	4000.0	80.0	6259.160059	0.1	False				False	0.0	0.0	0.0	0.0	False		False	4.0
6269.788979	2.0	trials	no_tone					True	7.0	6270.791064	0.01	False	0.0	0.0	0.0	0.0	False		False	5.0
6281.190619	2.0	trials	no_tone					True	7.0	6282.192725	0.01	False	0.0	0.0	0.0	0.0	False		False	5.0
6292.559042	2.0	trials	go_tone	8000.0	80.0	6292.559042	0.1	True	7.0	6293.561163	0.01	False	0.0	0.0	0.0	0.0	False		False	1.0
6304.000002	2.0	trials	nogo_tone	4000.0	80.0	6304.000002	0.1	True	7.0	6305.002086	0.01	False	0.0	0.0	0.0	0.0	True	6305.238002	False	3.0
6315.464442	2.0	trials	no_tone					True	7.0	6316.466547	0.01	False	0.0	0.0	0.0	0.0	False		False	5.0
6328.199295	2.0	trials	nogo_tone	4000.0	80.0	6328.199295	0.1	True	7.0	6329.2014	0.01	False	0.0	0.0	0.0	0.0	False		False	3.0
6339.399366	2.0	trials	no_tone					True	7.0	6340.401488	0.01	False	0.0	0.0	0.0	0.0	True	6340.634365999999	False	5.0
6350.491205	2.0	trials	no_tone					True	7.0	6351.49331	0.01	False	0.0	0.0	0.0	0.0	False		False	5.0
6361.959666	2.0	trials	nogo_tone	4000.0	80.0	6361.959666	0.1	False				False	0.0	0.0	0.0	0.0	False		False	4.0
6372.609598	2.0	trials	go_tone	8000.0	80.0	6372.609598	0.1	False				False	0.0	0.0	0.0	0.0	False		False	2.0
6384.120025	2.0	trials	nogo_tone	4000.0	80.0	6384.120025	0.1	True	7.0	6385.122143	0.01	False	0.0	0.0	0.0	0.0	True	6385.375025	False	3.0
6395.018596	2.0	trials	nogo_tone	4000.0	80.0	6395.018596	0.1	True	7.0	6396.020731	0.01	False	0.0	0.0	0.0	0.0	False		False	3.0
6406.181668	2.0	trials	no_tone					True	7.0	6407.18374	0.01	False	0.0	0.0	0.0	0.0	False		False	5.0
6416.971405	2.0	trials	nogo_tone	4000.0	80.0	6416.971405	0.1	False				False	0.0	0.0	0.0	0.0	False		False	4.0
6428.431729	2.0	trials	go_tone	8000.0	80.0	6428.431729	0.1	False				False	0.0	0.0	0.0	0.0	False		False	2.0
6439.350015	2.0	trials	go_tone	8000.0	80.0	6439.350015	0.1	False				False	0.0	0.0	0.0	0.0	False		False	2.0
6450.191836	2.0	trials	go_tone	8000.0	80.0	6450.191836	0.1	True	7.0	6451.193959	0.01	False	0.0	0.0	0.0	0.0	True	6451.443836	False	1.0
6461.320657	2.0	trials	no_tone					True	7.0	6462.322731	0.01	False	0.0	0.0	0.0	0.0	True	6462.539657	False	5.0
6472.200046	2.0	trials	go_tone	8000.0	80.0	6472.200046	0.1	True	7.0		0.01	False	0.0	0.0	0.0	0.0	True	6472.450046	True	1.0
6484.682098	2.0	trials	go_tone	8000.0	80.0	6484.682098	0.1	True	7.0		0.01	False	0.0	0.0	0.0	0.0	True	6483.760098000001	True	1.0
6495.262329	2.0	trials	go_tone	8000.0	80.0	6495.262329	0.1	True	7.0	6496.264402	0.01	False	0.0	0.0	0.0	0.0	True	6496.583329	False	1.0
6508.610801	2.0	trials	nogo_tone	4000.0	80.0	6508.610801	0.1	False				False	0.0	0.0	0.0	0.0	False		False	4.0
6519.202371	2.0	trials	nogo_tone	4000.0	80.0	6519.202371	0.1	True	7.0	6520.204527	0.01	False	0.0	0.0	0.0	0.0	False		False	3.0
6530.510943	2.0	trials	no_tone					True	7.0	6531.513016	0.01	False	0.0	0.0	0.0	0.0	False		False	5.0
6541.441282	2.0	trials	nogo_tone	4000.0	80.0	6541.441282	0.1	False				False	0.0	0.0	0.0	0.0	False		False	4.0
6552.222652	2.0	trials	nogo_tone	4000.0	80.0	6552.222652	0.1	True	7.0	6553.224774	0.01	False	0.0	0.0	0.0	0.0	False		False	3.0
6572.747668	2.0	trials	go_tone	8000.0	80.0	6572.747668	0.1	False				False	0.0	0.0	0.0	0.0	False		False	2.0
6583.86269	2.0	trials	nogo_tone	4000.0	80.0	6583.86269	0.1	False				False	0.0	0.0	0.0	0.0	False		False	4.0
6595.391179	2.0	trials	go_tone	8000.0	80.0	6595.391179	0.1	True	7.0		0.01	False	0.0	0.0	0.0	0.0	True	6594.931179	True	1.0
6606.44125	2.0	trials	go_tone	8000.0	80.0	6606.44125	0.1	True	7.0	6607.443323	0.01	False	0.0	0.0	0.0	0.0	True	6607.6672499999995	False	1.0
6617.941462	2.0	trials	go_tone	8000.0	80.0	6617.941462	0.1	False				False	0.0	0.0	0.0	0.0	False		False	2.0
