onset	duration	nwb_table	context	auditory_stim_frequency	auditory_stim_amplitude	auditory_stim_time	auditory_stim_duration	whisker_stim	whisker_stim_amplitude	whisker_stim_time	whisker_stim_duration	opto_stim	opto_stim_frequency	opto_stim_amplitude	opto_stim_start_time	opto_stim_stop_time	opto_window	opto_duration	opto_area	lick_flag	lick_time	early_lick	trial_type
11.509	2.0	trials	go_tone	8000.0	80.0	11.509	0.1	True	5.0	12.509	0.01	False					nolight	0.0	nan	True	14.193000000000001	False	1.0
22.07	2.0	trials	no_tone					True	5.0	23.07	0.01	False					nolight	0.0	nan	False		False	5.0
33.473	2.0	trials	nogo_tone	4000.0	80.0	33.473	0.1	True	5.0	34.473	0.01	False					nolight	0.0	nan	True	36.202	False	3.0
44.801	2.0	trials	no_tone					True	5.0	45.801	0.01	False					nolight	0.0	nan	False		False	5.0
56.039	2.0	trials	no_tone					True	5.0	57.039	0.01	False					nolight	0.0	nan	False		False	5.0
67.441	2.0	trials	go_tone	8000.0	80.0	67.441	0.1	True	5.0	68.441	0.01	True	100.0	12.0	67.391	67.84100000000001	audio	450.0	ALM	True	70.14	False	1.0
78.811	2.0	trials	go_tone	8000.0	80.0	78.811	0.1	True	5.0	79.811	0.01	False					nolight	0.0	nan	True	81.46400000000001	False	1.0
89.57	2.0	trials	nogo_tone	4000.0	80.0	89.57	0.1	True	5.0	90.57	0.01	False					nolight	0.0	nan	False		False	3.0
100.522	2.0	trials	no_tone					True	5.0	101.522	0.01	True	100.0	12.0	100.92200000000001	101.47200000000001	delay	550.0	ALM	False		False	5.0
115.09	2.0	trials	nogo_tone	4000.0	80.0	115.09	0.1	True	5.0	116.09	0.01	False					nolight	0.0	nan	True	117.739	False	3.0
126.561	2.0	trials	go_tone	8000.0	80.0	126.561	0.1	False				True	100.0	12.0	127.51100000000001	127.861	whisker	350.0	ALM	False		False	2.0
137.521	2.0	trials	go_tone	8000.0	80.0	137.521	0.1	False				False					nolight	0.0	nan	True	140.213	False	2.0
148.591	2.0	trials	nogo_tone	4000.0	80.0	148.591	0.1	False				False					nolight	0.0	nan	False		False	4.0
159.853	2.0	trials	go_tone	8000.0	80.0	159.853	0.1	True	5.0	160.853	0.01	True	100.0	12.0	160.25300000000001	160.803	delay	550.0	ALM	False		False	1.0
171.192	2.0	trials	nogo_tone	4000.0	80.0	171.192	0.1	True	5.0	172.192	0.01	True	100.0	12.0	171.142	171.592	audio	450.0	ALM	True	173.84	False	3.0
181.901	2.0	trials	nogo_tone	4000.0	80.0	181.901	0.1	True	5.0	182.901	0.01	True	100.0	12.0	182.851	183.20100000000002	whisker	350.0	ALM	False		False	3.0
192.621	2.0	trials	no_tone					True	5.0	193.621	0.01	True	100.0	12.0	192.571	193.02100000000002	audio	450.0	ALM	False		False	5.0
203.312	2.0	trials	go_tone	8000.0	80.0	203.312	0.1	True	5.0	204.312	0.01	False					nolight	0.0	nan	True	206.168	False	1.0
214.354	2.0	trials	nogo_tone	4000.0	80.0	214.354	0.1	True	5.0	215.354	0.01	False					nolight	0.0	nan	True	216.78900000000002	True	3.0
227.164	2.0	trials	nogo_tone	4000.0	80.0	227.164	0.1	True	5.0	228.164	0.01	False					nolight	0.0	nan	False		False	3.0
238.304	2.0	trials	go_tone	8000.0	80.0	238.304	0.1	True	5.0	239.304	0.01	False					nolight	0.0	nan	True	241.17000000000002	False	1.0
249.495	2.0	trials	no_tone					True	5.0	250.495	0.01	False					nolight	0.0	nan	False		False	5.0
260.095	2.0	trials	go_tone	8000.0	80.0	260.095	0.1	False				False					nolight	0.0	nan	True	262.13000000000005	True	2.0
272.133	2.0	trials	go_tone	8000.0	80.0	272.133	0.1	False				False					nolight	0.0	nan	True	274.52299999999997	True	2.0
284.525	2.0	trials	go_tone	8000.0	80.0	284.525	0.1	False				False					nolight	0.0	nan	False		False	2.0
295.213	2.0	trials	go_tone	8000.0	80.0	295.213	0.1	False				False					nolight	0.0	nan	True	297.39300000000003	True	2.0
307.394	2.0	trials	go_tone	8000.0	80.0	307.394	0.1	False				False					nolight	0.0	nan	True	310.232	False	2.0
318.726	2.0	trials	go_tone	8000.0	80.0	318.726	0.1	True	5.0	319.726	0.01	False					nolight	0.0	nan	True	321.404	False	1.0
329.586	2.0	trials	go_tone	8000.0	80.0	329.586	0.1	True	5.0	330.586	0.01	False					nolight	0.0	nan	True	331.71500000000003	True	1.0
341.716	2.0	trials	go_tone	8000.0	80.0	341.716	0.1	True	5.0	342.716	0.01	False					nolight	0.0	nan	True	344.016	True	1.0
354.016	2.0	trials	go_tone	8000.0	80.0	354.016	0.1	True	5.0	355.016	0.01	False					nolight	0.0	nan	True	356.49600000000004	True	1.0
366.497	2.0	trials	go_tone	8000.0	80.0	366.497	0.1	True	5.0	367.497	0.01	False					nolight	0.0	nan	True	369.028	True	1.0
379.037	2.0	trials	go_tone	8000.0	80.0	379.037	0.1	True	5.0	380.037	0.01	False					nolight	0.0	nan	True	381.486	True	1.0
391.495	2.0	trials	go_tone	8000.0	80.0	391.495	0.1	True	5.0	392.495	0.01	False					nolight	0.0	nan	True	394.163	False	1.0
402.748	2.0	trials	nogo_tone	4000.0	80.0	402.748	0.1	False				False					nolight	0.0	nan	False		False	4.0
414.435	2.0	trials	nogo_tone	4000.0	80.0	414.435	0.1	False				False					nolight	0.0	nan	False		False	4.0
425.208	2.0	trials	nogo_tone	4000.0	80.0	425.208	0.1	True	5.0	426.208	0.01	False					nolight	0.0	nan	False		False	3.0
436.546	2.0	trials	nogo_tone	4000.0	80.0	436.546	0.1	False				True	100.0	12.0	437.496	437.846	whisker	350.0	ALM	False		False	4.0
447.573	2.0	trials	nogo_tone	4000.0	80.0	447.573	0.1	False				True	100.0	12.0	447.97299999999996	448.52299999999997	delay	550.0	ALM	False		False	4.0
458.426	2.0	trials	no_tone					True	5.0	459.426	0.01	False					nolight	0.0	nan	False		False	5.0
469.776	2.0	trials	nogo_tone	4000.0	80.0	469.776	0.1	False				False					nolight	0.0	nan	False		False	4.0
481.099	2.0	trials	nogo_tone	4000.0	80.0	481.099	0.1	False				True	100.0	12.0	481.049	481.49899999999997	audio	450.0	ALM	False		False	4.0
491.739	2.0	trials	nogo_tone	4000.0	80.0	491.739	0.1	True	5.0	492.739	0.01	False					nolight	0.0	nan	True	493.11699999999996	True	3.0
503.119	2.0	trials	nogo_tone	4000.0	80.0	503.119	0.1	True	5.0	504.119	0.01	False					nolight	0.0	nan	False		False	3.0
513.699	2.0	trials	go_tone	8000.0	80.0	513.699	0.1	False				False					nolight	0.0	nan	True	516.1579999999999	True	2.0
526.161	2.0	trials	go_tone	8000.0	80.0	526.161	0.1	False				False					nolight	0.0	nan	True	528.698	True	2.0
538.7	2.0	trials	go_tone	8000.0	80.0	538.7	0.1	False				False					nolight	0.0	nan	False		False	2.0
549.698	2.0	trials	go_tone	8000.0	80.0	549.698	0.1	False				True	100.0	12.0	549.648	550.098	audio	450.0	ALM	False		False	2.0
561.929	2.0	trials	no_tone					True	5.0	562.929	0.01	True	100.0	12.0	562.879	563.2289999999999	whisker	350.0	ALM	True	565.4599999999999	False	5.0
573.28	2.0	trials	go_tone	8000.0	80.0	573.28	0.1	False				True	100.0	12.0	573.68	574.23	delay	550.0	ALM	False		False	2.0
584.629	2.0	trials	nogo_tone	4000.0	80.0	584.629	0.1	False				False					nolight	0.0	nan	False		False	4.0
595.529	2.0	trials	go_tone	8000.0	80.0	595.529	0.1	False				False					nolight	0.0	nan	False		False	2.0
606.789	2.0	trials	no_tone					True	5.0	607.789	0.01	False					nolight	0.0	nan	True	609.475	False	5.0
617.389	2.0	trials	go_tone	8000.0	80.0	617.389	0.1	False				False					nolight	0.0	nan	False		False	2.0
628.311	2.0	trials	nogo_tone	4000.0	80.0	628.311	0.1	True	5.0	629.311	0.01	True	100.0	12.0	628.711	629.2610000000001	delay	550.0	ALM	False		False	3.0
639.14	2.0	trials	go_tone	8000.0	80.0	639.14	0.1	True	5.0	640.14	0.01	True	100.0	12.0	640.09	640.4399999999999	whisker	350.0	ALM	False		False	1.0
650.502	2.0	trials	nogo_tone	4000.0	80.0	650.502	0.1	False				False					nolight	0.0	nan	False		False	4.0
661.422	2.0	trials	nogo_tone	4000.0	80.0	661.422	0.1	False				False					nolight	0.0	nan	False		False	4.0
672.892	2.0	trials	no_tone					True	5.0	673.892	0.01	False					nolight	0.0	nan	True	675.562	False	5.0
683.622	2.0	trials	nogo_tone	4000.0	80.0	683.622	0.1	True	5.0	684.622	0.01	False					nolight	0.0	nan	True	686.9889999999999	False	3.0
695.003	2.0	trials	go_tone	8000.0	80.0	695.003	0.1	False				False					nolight	0.0	nan	True	697.461	True	2.0
707.463	2.0	trials	go_tone	8000.0	80.0	707.463	0.1	False				False					nolight	0.0	nan	True	709.752	True	2.0
719.752	2.0	trials	go_tone	8000.0	80.0	719.752	0.1	False				False					nolight	0.0	nan	True	722.184	True	2.0
732.193	2.0	trials	go_tone	8000.0	80.0	732.193	0.1	False				False					nolight	0.0	nan	True	734.914	False	2.0
743.251	2.0	trials	go_tone	8000.0	80.0	743.251	0.1	False				True	100.0	12.0	743.651	744.201	delay	550.0	ALM	False		False	2.0
753.855	2.0	trials	nogo_tone	4000.0	80.0	753.855	0.1	True	5.0	754.855	0.01	True	100.0	12.0	754.255	754.8050000000001	delay	550.0	ALM	False		False	3.0
764.774	2.0	trials	nogo_tone	4000.0	80.0	764.774	0.1	False				False					nolight	0.0	nan	False		False	4.0
776.334	2.0	trials	no_tone					True	5.0	777.334	0.01	False					nolight	0.0	nan	False		False	5.0
787.394	2.0	trials	go_tone	8000.0	80.0	787.394	0.1	True	5.0	788.394	0.01	False					nolight	0.0	nan	True	790.054	False	1.0
798.131	2.0	trials	nogo_tone	4000.0	80.0	798.131	0.1	False				True	100.0	12.0	799.081	799.4309999999999	whisker	350.0	ALM	False		False	4.0
809.355	2.0	trials	nogo_tone	4000.0	80.0	809.355	0.1	True	5.0	810.355	0.01	False					nolight	0.0	nan	False		False	3.0
820.125	2.0	trials	no_tone					True	5.0	821.125	0.01	True	100.0	12.0	820.075	820.525	audio	450.0	ALM	False		False	5.0
831.655	2.0	trials	go_tone	8000.0	80.0	831.655	0.1	True	5.0	832.655	0.01	True	100.0	12.0	831.605	832.055	audio	450.0	ALM	True	834.379	False	1.0
842.844	2.0	trials	no_tone					True	5.0	843.844	0.01	False					nolight	0.0	nan	False		False	5.0
853.674	2.0	trials	nogo_tone	4000.0	80.0	853.674	0.1	True	5.0	854.674	0.01	False					nolight	0.0	nan	False		False	3.0
864.556	2.0	trials	nogo_tone	4000.0	80.0	864.556	0.1	False				True	100.0	12.0	864.5060000000001	864.956	audio	450.0	ALM	False		False	4.0
875.796	2.0	trials	go_tone	8000.0	80.0	875.796	0.1	True	5.0	876.796	0.01	True	100.0	12.0	876.7460000000001	877.096	whisker	350.0	ALM	True	876.9200000000001	True	1.0
886.926	2.0	trials	go_tone	8000.0	80.0	886.926	0.1	True	5.0	887.926	0.01	True	100.0	12.0	887.8760000000001	888.226	whisker	350.0	ALM	True	889.552	False	1.0
897.496	2.0	trials	go_tone	8000.0	80.0	897.496	0.1	False				False					nolight	0.0	nan	True	900.019	True	2.0
910.026	2.0	trials	go_tone	8000.0	80.0	910.026	0.1	False				False					nolight	0.0	nan	True	912.184	True	2.0
922.185	2.0	trials	go_tone	8000.0	80.0	922.185	0.1	False				False					nolight	0.0	nan	True	924.655	True	2.0
934.66	2.0	trials	go_tone	8000.0	80.0	934.66	0.1	False				False					nolight	0.0	nan	True	937.102	True	2.0
947.107	2.0	trials	go_tone	8000.0	80.0	947.107	0.1	False				False					nolight	0.0	nan	True	948.8399999999999	True	2.0
958.849	2.0	trials	go_tone	8000.0	80.0	958.849	0.1	False				False					nolight	0.0	nan	True	962.316	False	2.0
970.067	2.0	trials	nogo_tone	4000.0	80.0	970.067	0.1	True	5.0	971.067	0.01	False					nolight	0.0	nan	True	972.728	False	3.0
981.168	2.0	trials	go_tone	8000.0	80.0	981.168	0.1	True	5.0	982.168	0.01	False					nolight	0.0	nan	True	983.747	False	1.0
991.938	2.0	trials	go_tone	8000.0	80.0	991.938	0.1	False				False					nolight	0.0	nan	True	994.553	False	2.0
1003.058	2.0	trials	go_tone	8000.0	80.0	1003.058	0.1	False				False					nolight	0.0	nan	True	1005.793	False	2.0
1014.326	2.0	trials	go_tone	8000.0	80.0	1014.326	0.1	True	5.0	1015.326	0.01	False					nolight	0.0	nan	False		False	1.0
1025.827	2.0	trials	nogo_tone	4000.0	80.0	1025.827	0.1	False				False					nolight	0.0	nan	False		False	4.0
1036.587	2.0	trials	nogo_tone	4000.0	80.0	1036.587	0.1	False				False					nolight	0.0	nan	False		False	4.0
1047.277	2.0	trials	nogo_tone	4000.0	80.0	1047.277	0.1	True	5.0	1048.277	0.01	False					nolight	0.0	nan	True	1050.115	False	3.0
1058.379	2.0	trials	go_tone	8000.0	80.0	1058.379	0.1	True	5.0	1059.379	0.01	False					nolight	0.0	nan	True	1060.974	False	1.0
1069.339	2.0	trials	go_tone	8000.0	80.0	1069.339	0.1	True	5.0	1070.339	0.01	False					nolight	0.0	nan	True	1071.979	False	1.0
1080.59	2.0	trials	nogo_tone	4000.0	80.0	1080.59	0.1	True	5.0	1081.59	0.01	False					nolight	0.0	nan	True	1083.24	False	3.0
1091.88	2.0	trials	nogo_tone	4000.0	80.0	1091.88	0.1	False				False					nolight	0.0	nan	False		False	4.0
1102.764	2.0	trials	go_tone	8000.0	80.0	1102.764	0.1	True	5.0	1103.764	0.01	False					nolight	0.0	nan	True	1105.485	False	1.0
1114.08	2.0	trials	no_tone					True	5.0	1115.08	0.01	False					nolight	0.0	nan	True	1116.8229999999999	False	5.0
1125.57	2.0	trials	go_tone	8000.0	80.0	1125.57	0.1	True	5.0	1126.57	0.01	True	100.0	12.0	1125.97	1126.52	delay	550.0	ALM	False		False	1.0
1136.72	2.0	trials	go_tone	8000.0	80.0	1136.72	0.1	False				True	100.0	12.0	1136.67	1137.1200000000001	audio	450.0	ALM	False		False	2.0
1148.279	2.0	trials	no_tone					True	5.0	1149.279	0.01	True	100.0	12.0	1148.679	1149.229	delay	550.0	ALM	False		False	5.0
1159.241	2.0	trials	go_tone	8000.0	80.0	1159.241	0.1	False				True	100.0	12.0	1160.191	1160.541	whisker	350.0	ALM	False		False	2.0
1169.93	2.0	trials	go_tone	8000.0	80.0	1169.93	0.1	False				False					nolight	0.0	nan	False		False	2.0
1180.71	2.0	trials	no_tone					True	5.0	1181.71	0.01	False					nolight	0.0	nan	False		False	5.0
1191.911	2.0	trials	nogo_tone	4000.0	80.0	1191.911	0.1	True	5.0	1192.911	0.01	True	100.0	12.0	1191.861	1192.3110000000001	audio	450.0	ALM	False		False	3.0
1203.422	2.0	trials	go_tone	8000.0	80.0	1203.422	0.1	False				False					nolight	0.0	nan	False		False	2.0
1214.582	2.0	trials	nogo_tone	4000.0	80.0	1214.582	0.1	False				False					nolight	0.0	nan	False		False	4.0
1225.642	2.0	trials	nogo_tone	4000.0	80.0	1225.642	0.1	False				True	100.0	12.0	1226.0420000000001	1226.592	delay	550.0	ALM	False		False	4.0
1236.47	2.0	trials	no_tone					True	5.0	1237.47	0.01	True	100.0	12.0	1237.42	1237.77	whisker	350.0	ALM	False		False	5.0
1247.702	2.0	trials	no_tone					True	5.0	1248.702	0.01	False					nolight	0.0	nan	False		False	5.0
1258.751	2.0	trials	nogo_tone	4000.0	80.0	1258.751	0.1	True	5.0	1259.751	0.01	True	100.0	12.0	1259.701	1260.051	whisker	350.0	ALM	False		False	3.0
1269.912	2.0	trials	go_tone	8000.0	80.0	1269.912	0.1	False				False					nolight	0.0	nan	True	1272.64	False	2.0
1280.533	2.0	trials	nogo_tone	4000.0	80.0	1280.533	0.1	True	5.0	1281.533	0.01	True	100.0	12.0	1280.483	1280.933	audio	450.0	ALM	True	1283.253	False	3.0
1291.883	2.0	trials	go_tone	8000.0	80.0	1291.883	0.1	True	5.0	1292.883	0.01	True	100.0	12.0	1292.2830000000001	1292.833	delay	550.0	ALM	False		False	1.0
1302.812	2.0	trials	nogo_tone	4000.0	80.0	1302.812	0.1	False				False					nolight	0.0	nan	False		False	4.0
1313.462	2.0	trials	nogo_tone	4000.0	80.0	1313.462	0.1	False				True	100.0	12.0	1314.412	1314.762	whisker	350.0	ALM	False		False	4.0
1324.374	2.0	trials	nogo_tone	4000.0	80.0	1324.374	0.1	True	5.0	1325.374	0.01	False					nolight	0.0	nan	False		False	3.0
1335.23	2.0	trials	nogo_tone	4000.0	80.0	1335.23	0.1	False				False					nolight	0.0	nan	False		False	4.0
1345.952	2.0	trials	nogo_tone	4000.0	80.0	1345.952	0.1	True	5.0	1346.952	0.01	True	100.0	12.0	1346.902	1347.252	whisker	350.0	ALM	False		False	3.0
1356.733	2.0	trials	go_tone	8000.0	80.0	1356.733	0.1	False				True	100.0	12.0	1357.133	1357.683	delay	550.0	ALM	False		False	2.0
1367.631	2.0	trials	go_tone	8000.0	80.0	1367.631	0.1	True	5.0	1368.631	0.01	False					nolight	0.0	nan	True	1370.2620000000002	False	1.0
1378.615	2.0	trials	go_tone	8000.0	80.0	1378.615	0.1	True	5.0	1379.615	0.01	True	100.0	12.0	1379.565	1379.915	whisker	350.0	ALM	True	1380.893	True	1.0
1390.895	2.0	trials	go_tone	8000.0	80.0	1390.895	0.1	True	5.0	1391.895	0.01	True	100.0	12.0	1391.845	1392.195	whisker	350.0	ALM	False		False	1.0
1401.525	2.0	trials	go_tone	8000.0	80.0	1401.525	0.1	False				True	100.0	12.0	1402.4750000000001	1402.825	whisker	350.0	ALM	False		False	2.0
1412.313	2.0	trials	no_tone					True	5.0	1413.313	0.01	True	100.0	12.0	1412.7130000000002	1413.2630000000001	delay	550.0	ALM	False		False	5.0
1423.185	2.0	trials	no_tone					True	5.0	1424.185	0.01	False					nolight	0.0	nan	False		False	5.0
1434.244	2.0	trials	go_tone	8000.0	80.0	1434.244	0.1	False				False					nolight	0.0	nan	True	1436.8239999999998	False	2.0
1445.186	2.0	trials	nogo_tone	4000.0	80.0	1445.186	0.1	True	5.0	1446.186	0.01	False					nolight	0.0	nan	True	1447.87	False	3.0
1455.791	2.0	trials	go_tone	8000.0	80.0	1455.791	0.1	False				False					nolight	0.0	nan	True	1458.215	True	2.0
1468.216	2.0	trials	go_tone	8000.0	80.0	1468.216	0.1	False				False					nolight	0.0	nan	True	1470.764	True	2.0
1480.765	2.0	trials	go_tone	8000.0	80.0	1480.765	0.1	False				False					nolight	0.0	nan	True	1483.095	True	2.0
1493.103	2.0	trials	go_tone	8000.0	80.0	1493.103	0.1	False				False					nolight	0.0	nan	False		False	2.0
1503.764	2.0	trials	go_tone	8000.0	80.0	1503.764	0.1	False				False					nolight	0.0	nan	False		False	2.0
1514.557	2.0	trials	no_tone					True	5.0	1515.557	0.01	False					nolight	0.0	nan	False		False	5.0
1525.678	2.0	trials	go_tone	8000.0	80.0	1525.678	0.1	True	5.0	1526.678	0.01	False					nolight	0.0	nan	True	1528.355	False	1.0
1536.438	2.0	trials	nogo_tone	4000.0	80.0	1536.438	0.1	False				False					nolight	0.0	nan	False		False	4.0
1547.968	2.0	trials	go_tone	8000.0	80.0	1547.968	0.1	False				True	100.0	12.0	1547.9180000000001	1548.3680000000002	audio	450.0	ALM	True	1550.297	True	2.0
1560.298	2.0	trials	go_tone	8000.0	80.0	1560.298	0.1	False				True	100.0	12.0	1560.248	1560.698	audio	450.0	ALM	False		False	2.0
1571.238	2.0	trials	no_tone					True	5.0	1572.238	0.01	False					nolight	0.0	nan	True	1574.0610000000001	False	5.0
1582.368	2.0	trials	go_tone	8000.0	80.0	1582.368	0.1	False				False					nolight	0.0	nan	True	1584.916	False	2.0
1593.719	2.0	trials	no_tone					True	5.0	1594.719	0.01	False					nolight	0.0	nan	False		False	5.0
1604.829	2.0	trials	nogo_tone	4000.0	80.0	1604.829	0.1	False				False					nolight	0.0	nan	False		False	4.0
1615.939	2.0	trials	no_tone					True	5.0	1616.939	0.01	False					nolight	0.0	nan	False		False	5.0
1627.239	2.0	trials	nogo_tone	4000.0	80.0	1627.239	0.1	True	5.0	1628.239	0.01	False					nolight	0.0	nan	True	1629.936	False	3.0
1638.449	2.0	trials	go_tone	8000.0	80.0	1638.449	0.1	False				False					nolight	0.0	nan	False		False	2.0
1649.4	2.0	trials	nogo_tone	4000.0	80.0	1649.4	0.1	False				True	100.0	12.0	1649.3500000000001	1649.8000000000002	audio	450.0	ALM	False		False	4.0
1660.65	2.0	trials	go_tone	8000.0	80.0	1660.65	0.1	True	5.0	1661.65	0.01	False					nolight	0.0	nan	True	1663.2930000000001	False	1.0
1672.276	2.0	trials	go_tone	8000.0	80.0	1672.276	0.1	True	5.0	1673.276	0.01	False					nolight	0.0	nan	True	1675.01	False	1.0
1683.8	2.0	trials	nogo_tone	4000.0	80.0	1683.8	0.1	False				True	100.0	12.0	1684.2	1684.75	delay	550.0	ALM	False		False	4.0
1694.56	2.0	trials	no_tone					True	5.0	1695.56	0.01	False					nolight	0.0	nan	False		False	5.0
1706.089	2.0	trials	go_tone	8000.0	80.0	1706.089	0.1	True	5.0	1707.089	0.01	False					nolight	0.0	nan	True	1708.6129999999998	True	1.0
1718.62	2.0	trials	go_tone	8000.0	80.0	1718.62	0.1	True	5.0	1719.62	0.01	False					nolight	0.0	nan	True	1721.271	False	1.0
1729.939	2.0	trials	nogo_tone	4000.0	80.0	1729.939	0.1	False				False					nolight	0.0	nan	False		False	4.0
1740.5	2.0	trials	nogo_tone	4000.0	80.0	1740.5	0.1	True	5.0	1741.5	0.01	True	100.0	12.0	1740.9	1741.45	delay	550.0	ALM	False		False	3.0
1751.723	2.0	trials	nogo_tone	4000.0	80.0	1751.723	0.1	True	5.0	1752.723	0.01	False					nolight	0.0	nan	False		False	3.0
1763.012	2.0	trials	no_tone					True	5.0	1764.012	0.01	True	100.0	12.0	1763.962	1764.312	whisker	350.0	ALM	False		False	5.0
1773.9	2.0	trials	go_tone	8000.0	80.0	1773.9	0.1	True	5.0	1774.9	0.01	True	100.0	12.0	1773.8500000000001	1774.3000000000002	audio	450.0	ALM	True	1776.5500000000002	False	1.0
1784.552	2.0	trials	nogo_tone	4000.0	80.0	1784.552	0.1	False				False					nolight	0.0	nan	False		False	4.0
1795.782	2.0	trials	nogo_tone	4000.0	80.0	1795.782	0.1	True	5.0	1796.782	0.01	False					nolight	0.0	nan	True	1798.5359999999998	False	3.0
1806.74	2.0	trials	nogo_tone	4000.0	80.0	1806.74	0.1	True	5.0	1807.74	0.01	False					nolight	0.0	nan	False		False	3.0
1817.363	2.0	trials	no_tone					True	5.0	1818.363	0.01	True	100.0	12.0	1817.313	1817.7630000000001	audio	450.0	ALM	False		False	5.0
1828.203	2.0	trials	go_tone	8000.0	80.0	1828.203	0.1	True	5.0	1829.203	0.01	False					nolight	0.0	nan	True	1830.56	True	1.0
1840.562	2.0	trials	go_tone	8000.0	80.0	1840.562	0.1	True	5.0	1841.562	0.01	False					nolight	0.0	nan	True	1843.136	False	1.0
1855.742	2.0	trials	no_tone					True	5.0	1856.742	0.01	False					nolight	0.0	nan	True	1858.435	False	5.0
1867.032	2.0	trials	no_tone					True	5.0	1868.032	0.01	True	100.0	12.0	1867.432	1867.982	delay	550.0	ALM	True	1869.8719999999998	False	5.0
1878.087	2.0	trials	nogo_tone	4000.0	80.0	1878.087	0.1	True	5.0	1879.087	0.01	False					nolight	0.0	nan	False		False	3.0
1888.964	2.0	trials	go_tone	8000.0	80.0	1888.964	0.1	True	5.0	1889.964	0.01	True	100.0	12.0	1889.364	1889.914	delay	550.0	ALM	True	1891.656	False	1.0
1900.413	2.0	trials	no_tone					True	5.0	1901.413	0.01	False					nolight	0.0	nan	False		False	5.0
1911.944	2.0	trials	go_tone	8000.0	80.0	1911.944	0.1	True	5.0	1912.944	0.01	False					nolight	0.0	nan	True	1914.581	False	1.0
1923.495	2.0	trials	nogo_tone	4000.0	80.0	1923.495	0.1	True	5.0	1924.495	0.01	False					nolight	0.0	nan	True	1926.483	False	3.0
1934.445	2.0	trials	go_tone	8000.0	80.0	1934.445	0.1	False				True	100.0	12.0	1935.395	1935.745	whisker	350.0	ALM	False		False	2.0
1945.204	2.0	trials	go_tone	8000.0	80.0	1945.204	0.1	True	5.0	1946.204	0.01	False					nolight	0.0	nan	True	1948.087	False	1.0
1956.285	2.0	trials	nogo_tone	4000.0	80.0	1956.285	0.1	True	5.0	1957.285	0.01	True	100.0	12.0	1956.2350000000001	1956.6850000000002	audio	450.0	ALM	True	1959.02	False	3.0
1967.805	2.0	trials	go_tone	8000.0	80.0	1967.805	0.1	False				False					nolight	0.0	nan	False		False	2.0
1979.676	2.0	trials	go_tone	8000.0	80.0	1979.676	0.1	True	5.0	1980.676	0.01	False					nolight	0.0	nan	True	1982.3509999999999	False	1.0
1991.249	2.0	trials	go_tone	8000.0	80.0	1991.249	0.1	False				False					nolight	0.0	nan	False		False	2.0
2002.475	2.0	trials	nogo_tone	4000.0	80.0	2002.475	0.1	True	5.0	2003.475	0.01	False					nolight	0.0	nan	True	2005.4199999999998	False	3.0
2013.064	2.0	trials	go_tone	8000.0	80.0	2013.064	0.1	True	5.0	2014.064	0.01	False					nolight	0.0	nan	True	2015.555	True	1.0
2025.557	2.0	trials	go_tone	8000.0	80.0	2025.557	0.1	True	5.0	2026.557	0.01	False					nolight	0.0	nan	True	2027.9370000000001	True	1.0
2037.945	2.0	trials	go_tone	8000.0	80.0	2037.945	0.1	True	5.0	2038.945	0.01	False					nolight	0.0	nan	True	2040.176	True	1.0
2050.185	2.0	trials	go_tone	8000.0	80.0	2050.185	0.1	True	5.0	2051.185	0.01	False					nolight	0.0	nan	True	2052.715	True	1.0
2062.717	2.0	trials	go_tone	8000.0	80.0	2062.717	0.1	True	5.0	2063.717	0.01	False					nolight	0.0	nan	True	2065.388	False	1.0
2073.507	2.0	trials	nogo_tone	4000.0	80.0	2073.507	0.1	False				False					nolight	0.0	nan	False		False	4.0
2084.406	2.0	trials	nogo_tone	4000.0	80.0	2084.406	0.1	False				False					nolight	0.0	nan	False		False	4.0
2095.907	2.0	trials	go_tone	8000.0	80.0	2095.907	0.1	True	5.0	2096.907	0.01	True	100.0	12.0	2096.857	2097.2070000000003	whisker	350.0	ALM	False		False	1.0
2106.756	2.0	trials	nogo_tone	4000.0	80.0	2106.756	0.1	False				False					nolight	0.0	nan	False		False	4.0
2117.768	2.0	trials	no_tone					True	5.0	2118.768	0.01	True	100.0	12.0	2117.718	2118.168	audio	450.0	ALM	False		False	5.0
2128.438	2.0	trials	go_tone	8000.0	80.0	2128.438	0.1	False				True	100.0	12.0	2128.838	2129.388	delay	550.0	ALM	True	2129.2780000000002	True	2.0
2139.281	2.0	trials	go_tone	8000.0	80.0	2139.281	0.1	False				True	100.0	12.0	2139.681	2140.2309999999998	delay	550.0	ALM	False		False	2.0
2150.448	2.0	trials	no_tone					True	5.0	2151.448	0.01	False					nolight	0.0	nan	True	2153.18	False	5.0
2161.208	2.0	trials	go_tone	8000.0	80.0	2161.208	0.1	False				False					nolight	0.0	nan	True	2161.4970000000003	True	2.0
2171.499	2.0	trials	go_tone	8000.0	80.0	2171.499	0.1	False				False					nolight	0.0	nan	True	2173.678	True	2.0
2183.678	2.0	trials	go_tone	8000.0	80.0	2183.678	0.1	False				False					nolight	0.0	nan	True	2185.779	True	2.0
2195.79	2.0	trials	go_tone	8000.0	80.0	2195.79	0.1	False				False					nolight	0.0	nan	False		False	2.0
2206.639	2.0	trials	go_tone	8000.0	80.0	2206.639	0.1	False				True	100.0	12.0	2206.589	2207.039	audio	450.0	ALM	False		False	2.0
2218.11	2.0	trials	no_tone					True	5.0	2219.11	0.01	True	100.0	12.0	2219.06	2219.4100000000003	whisker	350.0	ALM	False		False	5.0
2229.649	2.0	trials	go_tone	8000.0	80.0	2229.649	0.1	False				False					nolight	0.0	nan	False		False	2.0
2240.34	2.0	trials	no_tone					True	5.0	2241.34	0.01	False					nolight	0.0	nan	True	2243.177	False	5.0
2252.842	2.0	trials	nogo_tone	4000.0	80.0	2252.842	0.1	False				True	100.0	12.0	2253.242	2253.792	delay	550.0	ALM	False		False	4.0
2263.88	2.0	trials	no_tone					True	5.0	2264.88	0.01	False					nolight	0.0	nan	True	2266.724	False	5.0
2275.301	2.0	trials	go_tone	8000.0	80.0	2275.301	0.1	True	5.0	2276.301	0.01	False					nolight	0.0	nan	True	2277.951	False	1.0
2286.641	2.0	trials	go_tone	8000.0	80.0	2286.641	0.1	True	5.0	2287.641	0.01	False					nolight	0.0	nan	True	2288.58	True	1.0
2298.581	2.0	trials	go_tone	8000.0	80.0	2298.581	0.1	True	5.0	2299.581	0.01	False					nolight	0.0	nan	True	2301.242	False	1.0
2309.971	2.0	trials	nogo_tone	4000.0	80.0	2309.971	0.1	True	5.0	2310.971	0.01	False					nolight	0.0	nan	True	2312.631	False	3.0
2321.34	2.0	trials	nogo_tone	4000.0	80.0	2321.34	0.1	False				False					nolight	0.0	nan	False		False	4.0
2332.212	2.0	trials	go_tone	8000.0	80.0	2332.212	0.1	False				False					nolight	0.0	nan	True	2334.808	False	2.0
2343.445	2.0	trials	go_tone	8000.0	80.0	2343.445	0.1	True	5.0	2344.445	0.01	True	100.0	12.0	2343.395	2343.8450000000003	audio	450.0	ALM	True	2346.0660000000003	False	1.0
2354.693	2.0	trials	nogo_tone	4000.0	80.0	2354.693	0.1	False				True	100.0	12.0	2354.643	2355.0930000000003	audio	450.0	ALM	False		False	4.0
2365.541	2.0	trials	nogo_tone	4000.0	80.0	2365.541	0.1	False				True	100.0	12.0	2366.491	2366.8410000000003	whisker	350.0	ALM	False		False	4.0
2376.163	2.0	trials	nogo_tone	4000.0	80.0	2376.163	0.1	True	5.0	2377.163	0.01	False					nolight	0.0	nan	True	2378.888	False	3.0
2386.912	2.0	trials	nogo_tone	4000.0	80.0	2386.912	0.1	False				False					nolight	0.0	nan	False		False	4.0
2397.933	2.0	trials	nogo_tone	4000.0	80.0	2397.933	0.1	False				False					nolight	0.0	nan	False		False	4.0
2408.693	2.0	trials	nogo_tone	4000.0	80.0	2408.693	0.1	True	5.0	2409.693	0.01	True	100.0	12.0	2409.0930000000003	2409.643	delay	550.0	ALM	False		False	3.0
2419.874	2.0	trials	go_tone	8000.0	80.0	2419.874	0.1	False				False					nolight	0.0	nan	True	2422.4889999999996	False	2.0
2430.964	2.0	trials	nogo_tone	4000.0	80.0	2430.964	0.1	True	5.0	2431.964	0.01	True	100.0	12.0	2431.9139999999998	2432.264	whisker	350.0	ALM	False		False	3.0
2441.634	2.0	trials	nogo_tone	4000.0	80.0	2441.634	0.1	True	5.0	2442.634	0.01	False					nolight	0.0	nan	False		False	3.0
2452.882	2.0	trials	no_tone					True	5.0	2453.882	0.01	False					nolight	0.0	nan	False		False	5.0
2464.194	2.0	trials	nogo_tone	4000.0	80.0	2464.194	0.1	False				True	100.0	12.0	2465.144	2465.494	whisker	350.0	ALM	False		False	4.0
2475.535	2.0	trials	no_tone					True	5.0	2476.535	0.01	False					nolight	0.0	nan	False		False	5.0
2487.465	2.0	trials	no_tone					True	5.0	2488.465	0.01	False					nolight	0.0	nan	True	2490.322	False	5.0
2498.034	2.0	trials	go_tone	8000.0	80.0	2498.034	0.1	True	5.0	2499.034	0.01	False					nolight	0.0	nan	True	2500.533	True	1.0
2510.534	2.0	trials	go_tone	8000.0	80.0	2510.534	0.1	True	5.0	2511.534	0.01	False					nolight	0.0	nan	True	2513.268	False	1.0
2521.798	2.0	trials	nogo_tone	4000.0	80.0	2521.798	0.1	False				False					nolight	0.0	nan	False		False	4.0
2533.288	2.0	trials	nogo_tone	4000.0	80.0	2533.288	0.1	True	5.0	2534.288	0.01	False					nolight	0.0	nan	False		False	3.0
2544.655	2.0	trials	nogo_tone	4000.0	80.0	2544.655	0.1	True	5.0	2545.655	0.01	False					nolight	0.0	nan	True	2548.1130000000003	False	3.0
2555.364	2.0	trials	no_tone					True	5.0	2556.364	0.01	True	100.0	12.0	2555.314	2555.764	audio	450.0	ALM	False		False	5.0
2566.079	2.0	trials	nogo_tone	4000.0	80.0	2566.079	0.1	False				False					nolight	0.0	nan	False		False	4.0
2577.636	2.0	trials	nogo_tone	4000.0	80.0	2577.636	0.1	True	5.0	2578.636	0.01	False					nolight	0.0	nan	False		False	3.0
2588.995	2.0	trials	go_tone	8000.0	80.0	2588.995	0.1	True	5.0	2589.995	0.01	False					nolight	0.0	nan	True	2591.659	False	1.0
2600.085	2.0	trials	no_tone					True	5.0	2601.085	0.01	False					nolight	0.0	nan	True	2602.8070000000002	False	5.0
2612.846	2.0	trials	go_tone	8000.0	80.0	2612.846	0.1	True	5.0	2613.846	0.01	True	100.0	12.0	2613.796	2614.146	whisker	350.0	ALM	True	2616.086	False	1.0
2623.597	2.0	trials	go_tone	8000.0	80.0	2623.597	0.1	False				False					nolight	0.0	nan	False		False	2.0
2634.807	2.0	trials	nogo_tone	4000.0	80.0	2634.807	0.1	True	5.0	2635.807	0.01	True	100.0	12.0	2635.207	2635.7569999999996	delay	550.0	ALM	False		False	3.0
2645.506	2.0	trials	go_tone	8000.0	80.0	2645.506	0.1	False				False					nolight	0.0	nan	True	2647.643	True	2.0
2657.648	2.0	trials	go_tone	8000.0	80.0	2657.648	0.1	False				False					nolight	0.0	nan	False		False	2.0
2668.398	2.0	trials	go_tone	8000.0	80.0	2668.398	0.1	False				False					nolight	0.0	nan	True	2671.0910000000003	False	2.0
2679.438	2.0	trials	no_tone					True	5.0	2680.438	0.01	True	100.0	12.0	2679.838	2680.388	delay	550.0	ALM	False		False	5.0
2690.188	2.0	trials	go_tone	8000.0	80.0	2690.188	0.1	True	5.0	2691.188	0.01	False					nolight	0.0	nan	True	2692.88	False	1.0
2701.139	2.0	trials	nogo_tone	4000.0	80.0	2701.139	0.1	True	5.0	2702.139	0.01	True	100.0	12.0	2702.089	2702.4390000000003	whisker	350.0	ALM	False		False	3.0
2712.045	2.0	trials	go_tone	8000.0	80.0	2712.045	0.1	False				True	100.0	12.0	2712.995	2713.3450000000003	whisker	350.0	ALM	False		False	2.0
2722.737	2.0	trials	go_tone	8000.0	80.0	2722.737	0.1	False				False					nolight	0.0	nan	True	2725.227	True	2.0
2735.229	2.0	trials	go_tone	8000.0	80.0	2735.229	0.1	False				False					nolight	0.0	nan	True	2738.158	False	2.0
2745.869	2.0	trials	no_tone					True	5.0	2746.869	0.01	False					nolight	0.0	nan	False		False	5.0
2757.11	2.0	trials	go_tone	8000.0	80.0	2757.11	0.1	True	5.0	2758.11	0.01	False					nolight	0.0	nan	True	2759.804	False	1.0
2768.12	2.0	trials	nogo_tone	4000.0	80.0	2768.12	0.1	False				True	100.0	12.0	2768.52	2769.0699999999997	delay	550.0	ALM	False		False	4.0
2779.338	2.0	trials	nogo_tone	4000.0	80.0	2779.338	0.1	True	5.0	2780.338	0.01	False					nolight	0.0	nan	True	2781.779	True	3.0
2791.78	2.0	trials	nogo_tone	4000.0	80.0	2791.78	0.1	True	5.0	2792.78	0.01	False					nolight	0.0	nan	True	2794.514	False	3.0
2802.84	2.0	trials	nogo_tone	4000.0	80.0	2802.84	0.1	True	5.0	2803.84	0.01	False					nolight	0.0	nan	False		False	3.0
2814.279	2.0	trials	go_tone	8000.0	80.0	2814.279	0.1	True	5.0	2815.279	0.01	True	100.0	12.0	2814.679	2815.229	delay	550.0	ALM	True	2817.194	False	1.0
2825.259	2.0	trials	go_tone	8000.0	80.0	2825.259	0.1	False				False					nolight	0.0	nan	True	2827.749	True	2.0
2837.75	2.0	trials	go_tone	8000.0	80.0	2837.75	0.1	False				False					nolight	0.0	nan	True	2840.282	True	2.0
2850.291	2.0	trials	go_tone	8000.0	80.0	2850.291	0.1	False				False					nolight	0.0	nan	False		False	2.0
2861.692	2.0	trials	no_tone					True	5.0	2862.692	0.01	False					nolight	0.0	nan	False		False	5.0
2874.742	2.0	trials	nogo_tone	4000.0	80.0	2874.742	0.1	False				True	100.0	12.0	2874.692	2875.1420000000003	audio	450.0	ALM	False		False	4.0
2885.452	2.0	trials	go_tone	8000.0	80.0	2885.452	0.1	False				True	100.0	12.0	2885.8520000000003	2886.402	delay	550.0	ALM	False		False	2.0
2896.545	2.0	trials	go_tone	8000.0	80.0	2896.545	0.1	False				False					nolight	0.0	nan	True	2899.072	True	2.0
2909.072	2.0	trials	go_tone	8000.0	80.0	2909.072	0.1	False				False					nolight	0.0	nan	False		False	2.0
2920.131	2.0	trials	go_tone	8000.0	80.0	2920.131	0.1	True	5.0	2921.131	0.01	False					nolight	0.0	nan	True	2922.961	False	1.0
2931.271	2.0	trials	nogo_tone	4000.0	80.0	2931.271	0.1	False				False					nolight	0.0	nan	False		False	4.0
2942.081	2.0	trials	nogo_tone	4000.0	80.0	2942.081	0.1	False				False					nolight	0.0	nan	False		False	4.0
2952.761	2.0	trials	no_tone					True	5.0	2953.761	0.01	False					nolight	0.0	nan	False		False	5.0
2964.081	2.0	trials	go_tone	8000.0	80.0	2964.081	0.1	False				True	100.0	12.0	2964.031	2964.481	audio	450.0	ALM	False		False	2.0
2975.624	2.0	trials	nogo_tone	4000.0	80.0	2975.624	0.1	False				False					nolight	0.0	nan	False		False	4.0
2987.094	2.0	trials	nogo_tone	4000.0	80.0	2987.094	0.1	False				False					nolight	0.0	nan	False		False	4.0
2997.852	2.0	trials	go_tone	8000.0	80.0	2997.852	0.1	True	5.0	2998.852	0.01	True	100.0	12.0	2997.8019999999997	2998.252	audio	450.0	ALM	True	3000.487	False	1.0
3008.812	2.0	trials	nogo_tone	4000.0	80.0	3008.812	0.1	True	5.0	3009.812	0.01	True	100.0	12.0	3008.7619999999997	3009.212	audio	450.0	ALM	True	3011.575	False	3.0
3019.453	2.0	trials	nogo_tone	4000.0	80.0	3019.453	0.1	True	5.0	3020.453	0.01	False					nolight	0.0	nan	False		False	3.0
3030.553	2.0	trials	go_tone	8000.0	80.0	3030.553	0.1	True	5.0	3031.553	0.01	False					nolight	0.0	nan	False		False	1.0
3071.165	2.0	trials	no_tone					True	5.0	3072.165	0.01	True	100.0	12.0	3072.115	3072.465	whisker	350.0	ALM	False		False	5.0
3082.395	2.0	trials	go_tone	8000.0	80.0	3082.395	0.1	False				False					nolight	0.0	nan	False		False	2.0
3093.556	2.0	trials	nogo_tone	4000.0	80.0	3093.556	0.1	False				True	100.0	12.0	3094.506	3094.856	whisker	350.0	ALM	False		False	4.0
3104.766	2.0	trials	nogo_tone	4000.0	80.0	3104.766	0.1	True	5.0	3105.766	0.01	True	100.0	12.0	3105.166	3105.716	delay	550.0	ALM	True	3107.9320000000002	False	3.0
3115.994	2.0	trials	no_tone					True	5.0	3116.994	0.01	False					nolight	0.0	nan	True	3117.217	True	5.0
3127.226	2.0	trials	no_tone					True	5.0	3128.226	0.01	False					nolight	0.0	nan	True	3130.1620000000003	False	5.0
3138.646	2.0	trials	nogo_tone	4000.0	80.0	3138.646	0.1	True	5.0	3139.646	0.01	False					nolight	0.0	nan	False		False	3.0
3149.865	2.0	trials	nogo_tone	4000.0	80.0	3149.865	0.1	False				True	100.0	12.0	3149.8149999999996	3150.265	audio	450.0	ALM	False		False	4.0
3160.675	2.0	trials	go_tone	8000.0	80.0	3160.675	0.1	True	5.0	3161.675	0.01	False					nolight	0.0	nan	True	3163.358	False	1.0
3171.66	2.0	trials	nogo_tone	4000.0	80.0	3171.66	0.1	True	5.0	3172.66	0.01	False					nolight	0.0	nan	True	3172.835	True	3.0
3182.837	2.0	trials	nogo_tone	4000.0	80.0	3182.837	0.1	True	5.0	3183.837	0.01	False					nolight	0.0	nan	True	3185.552	False	3.0
3193.887	2.0	trials	nogo_tone	4000.0	80.0	3193.887	0.1	False				False					nolight	0.0	nan	False		False	4.0
3204.778	2.0	trials	nogo_tone	4000.0	80.0	3204.778	0.1	True	5.0	3205.778	0.01	False					nolight	0.0	nan	False		False	3.0
3215.758	2.0	trials	go_tone	8000.0	80.0	3215.758	0.1	False				False					nolight	0.0	nan	True	3218.482	False	2.0
3227.138	2.0	trials	go_tone	8000.0	80.0	3227.138	0.1	False				False					nolight	0.0	nan	False		False	2.0
3238.028	2.0	trials	no_tone					True	5.0	3239.028	0.01	False					nolight	0.0	nan	False		False	5.0
3248.667	2.0	trials	nogo_tone	4000.0	80.0	3248.667	0.1	True	5.0	3249.667	0.01	True	100.0	12.0	3248.6169999999997	3249.067	audio	450.0	ALM	False		False	3.0
3259.239	2.0	trials	go_tone	8000.0	80.0	3259.239	0.1	False				False					nolight	0.0	nan	True	3261.697	True	2.0
3271.705	2.0	trials	go_tone	8000.0	80.0	3271.705	0.1	False				False					nolight	0.0	nan	False		False	2.0
3282.989	2.0	trials	no_tone					True	5.0	3283.989	0.01	False					nolight	0.0	nan	False		False	5.0
3294.208	2.0	trials	go_tone	8000.0	80.0	3294.208	0.1	True	5.0	3295.208	0.01	True	100.0	12.0	3294.608	3295.158	delay	550.0	ALM	False		False	1.0
3305.368	2.0	trials	nogo_tone	4000.0	80.0	3305.368	0.1	False				False					nolight	0.0	nan	False		False	4.0
3316.24	2.0	trials	no_tone					True	5.0	3317.24	0.01	True	100.0	12.0	3316.1899999999996	3316.64	audio	450.0	ALM	False		False	5.0
3327.68	2.0	trials	no_tone					True	5.0	3328.68	0.01	True	100.0	12.0	3328.6299999999997	3328.98	whisker	350.0	ALM	False		False	5.0
3338.408	2.0	trials	nogo_tone	4000.0	80.0	3338.408	0.1	True	5.0	3339.408	0.01	True	100.0	12.0	3339.3579999999997	3339.708	whisker	350.0	ALM	False		False	3.0
3349.75	2.0	trials	nogo_tone	4000.0	80.0	3349.75	0.1	False				True	100.0	12.0	3350.15	3350.7	delay	550.0	ALM	False		False	4.0
3360.999	2.0	trials	go_tone	8000.0	80.0	3360.999	0.1	True	5.0	3361.999	0.01	False					nolight	0.0	nan	True	3363.8269999999998	False	1.0
3371.931	2.0	trials	nogo_tone	4000.0	80.0	3371.931	0.1	False				False					nolight	0.0	nan	False		False	4.0
3382.813	2.0	trials	go_tone	8000.0	80.0	3382.813	0.1	True	5.0	3383.813	0.01	False					nolight	0.0	nan	True	3385.552	False	1.0
3393.381	2.0	trials	nogo_tone	4000.0	80.0	3393.381	0.1	False				False					nolight	0.0	nan	False		False	4.0
3404.189	2.0	trials	go_tone	8000.0	80.0	3404.189	0.1	False				False					nolight	0.0	nan	False		False	2.0
3415.479	2.0	trials	go_tone	8000.0	80.0	3415.479	0.1	False				True	100.0	12.0	3416.4289999999996	3416.779	whisker	350.0	ALM	False		False	2.0
3426.891	2.0	trials	nogo_tone	4000.0	80.0	3426.891	0.1	True	5.0	3427.891	0.01	False					nolight	0.0	nan	False		False	3.0
3438.232	2.0	trials	nogo_tone	4000.0	80.0	3438.232	0.1	False				False					nolight	0.0	nan	False		False	4.0
3449.312	2.0	trials	go_tone	8000.0	80.0	3449.312	0.1	True	5.0	3450.312	0.01	True	100.0	12.0	3449.2619999999997	3449.712	audio	450.0	ALM	True	3451.997	False	1.0
3460.01	2.0	trials	go_tone	8000.0	80.0	3460.01	0.1	False				False					nolight	0.0	nan	True	3462.547	True	2.0
3472.551	2.0	trials	go_tone	8000.0	80.0	3472.551	0.1	False				False					nolight	0.0	nan	True	3475.011	True	2.0
3485.011	2.0	trials	go_tone	8000.0	80.0	3485.011	0.1	False				False					nolight	0.0	nan	False		False	2.0
3495.753	2.0	trials	no_tone					True	5.0	3496.753	0.01	True	100.0	12.0	3496.1530000000002	3496.703	delay	550.0	ALM	False		False	5.0
3506.973	2.0	trials	nogo_tone	4000.0	80.0	3506.973	0.1	False				False					nolight	0.0	nan	False		False	4.0
3518.293	2.0	trials	no_tone					True	5.0	3519.293	0.01	False					nolight	0.0	nan	False		False	5.0
3529.762	2.0	trials	go_tone	8000.0	80.0	3529.762	0.1	True	5.0	3530.762	0.01	False					nolight	0.0	nan	True	3532.232	True	1.0
3542.854	2.0	trials	go_tone	8000.0	80.0	3542.854	0.1	True	5.0	3543.854	0.01	False					nolight	0.0	nan	True	3545.515	False	1.0
3554.222	2.0	trials	go_tone	8000.0	80.0	3554.222	0.1	False				True	100.0	12.0	3554.6220000000003	3555.172	delay	550.0	ALM	False		False	2.0
3566.404	2.0	trials	nogo_tone	4000.0	80.0	3566.404	0.1	True	5.0	3567.404	0.01	False					nolight	0.0	nan	True	3569.119	False	3.0
3577.784	2.0	trials	go_tone	8000.0	80.0	3577.784	0.1	False				True	100.0	12.0	3577.734	3578.184	audio	450.0	ALM	False		False	2.0
3588.733	2.0	trials	no_tone					True	5.0	3589.733	0.01	False					nolight	0.0	nan	False		False	5.0
3600.263	2.0	trials	nogo_tone	4000.0	80.0	3600.263	0.1	True	5.0	3601.263	0.01	False					nolight	0.0	nan	True	3602.999	False	3.0
3611.823	2.0	trials	go_tone	8000.0	80.0	3611.823	0.1	True	5.0	3612.823	0.01	False					nolight	0.0	nan	True	3614.544	False	1.0
3622.813	2.0	trials	no_tone					True	5.0	3623.813	0.01	False					nolight	0.0	nan	False		False	5.0
3634.065	2.0	trials	go_tone	8000.0	80.0	3634.065	0.1	True	5.0	3635.065	0.01	False					nolight	0.0	nan	True	3636.699	False	1.0
3644.906	2.0	trials	go_tone	8000.0	80.0	3644.906	0.1	True	5.0	3645.906	0.01	True	100.0	12.0	3645.8559999999998	3646.206	whisker	350.0	ALM	False		False	1.0
3655.726	2.0	trials	go_tone	8000.0	80.0	3655.726	0.1	True	5.0	3656.726	0.01	False					nolight	0.0	nan	True	3658.3920000000003	False	1.0
3667.004	2.0	trials	no_tone					True	5.0	3668.004	0.01	True	100.0	12.0	3667.404	3667.9539999999997	delay	550.0	ALM	False		False	5.0
3678.226	2.0	trials	go_tone	8000.0	80.0	3678.226	0.1	True	5.0	3679.226	0.01	False					nolight	0.0	nan	True	3680.847	False	1.0
3688.936	2.0	trials	go_tone	8000.0	80.0	3688.936	0.1	True	5.0	3689.936	0.01	False					nolight	0.0	nan	True	3691.609	False	1.0
3702.655	2.0	trials	no_tone					True	5.0	3703.655	0.01	False					nolight	0.0	nan	True	3705.311	False	5.0
3713.877	2.0	trials	nogo_tone	4000.0	80.0	3713.877	0.1	False				False					nolight	0.0	nan	False		False	4.0
3724.875	2.0	trials	go_tone	8000.0	80.0	3724.875	0.1	False				False					nolight	0.0	nan	False		False	2.0
3735.527	2.0	trials	nogo_tone	4000.0	80.0	3735.527	0.1	False				True	100.0	12.0	3736.477	3736.827	whisker	350.0	ALM	False		False	4.0
3746.397	2.0	trials	no_tone					True	5.0	3747.397	0.01	False					nolight	0.0	nan	False		False	5.0
3756.987	2.0	trials	no_tone					True	5.0	3757.987	0.01	False					nolight	0.0	nan	False		False	5.0
3767.638	2.0	trials	go_tone	8000.0	80.0	3767.638	0.1	True	5.0	3768.638	0.01	False					nolight	0.0	nan	True	3770.328	False	1.0
3779.037	2.0	trials	go_tone	8000.0	80.0	3779.037	0.1	False				True	100.0	12.0	3779.9869999999996	3780.337	whisker	350.0	ALM	False		False	2.0
3790.369	2.0	trials	nogo_tone	4000.0	80.0	3790.369	0.1	True	5.0	3791.369	0.01	True	100.0	12.0	3791.319	3791.6690000000003	whisker	350.0	ALM	False		False	3.0
3802.099	2.0	trials	go_tone	8000.0	80.0	3802.099	0.1	False				True	100.0	12.0	3802.4990000000003	3803.049	delay	550.0	ALM	False		False	2.0
3812.969	2.0	trials	nogo_tone	4000.0	80.0	3812.969	0.1	True	5.0	3813.969	0.01	False					nolight	0.0	nan	False		False	3.0
3824.279	2.0	trials	nogo_tone	4000.0	80.0	3824.279	0.1	False				True	100.0	12.0	3824.679	3825.229	delay	550.0	ALM	False		False	4.0
3835.679	2.0	trials	nogo_tone	4000.0	80.0	3835.679	0.1	True	5.0	3836.679	0.01	False					nolight	0.0	nan	False		False	3.0
3847.198	2.0	trials	nogo_tone	4000.0	80.0	3847.198	0.1	True	5.0	3848.198	0.01	False					nolight	0.0	nan	False		False	3.0
3857.849	2.0	trials	go_tone	8000.0	80.0	3857.849	0.1	True	5.0	3858.849	0.01	True	100.0	12.0	3858.799	3859.1490000000003	whisker	350.0	ALM	True	3860.7290000000003	False	1.0
3868.53	2.0	trials	go_tone	8000.0	80.0	3868.53	0.1	False				False					nolight	0.0	nan	True	3871.5620000000004	False	2.0
3879.25	2.0	trials	nogo_tone	4000.0	80.0	3879.25	0.1	False				True	100.0	12.0	3879.2	3879.65	audio	450.0	ALM	False		False	4.0
3890.098	2.0	trials	nogo_tone	4000.0	80.0	3890.098	0.1	False				False					nolight	0.0	nan	False		False	4.0
3901.219	2.0	trials	go_tone	8000.0	80.0	3901.219	0.1	False				True	100.0	12.0	3901.169	3901.619	audio	450.0	ALM	False		False	2.0
3912.1	2.0	trials	go_tone	8000.0	80.0	3912.1	0.1	True	5.0	3913.1	0.01	False					nolight	0.0	nan	True	3914.833	False	1.0
3923.201	2.0	trials	go_tone	8000.0	80.0	3923.201	0.1	False				False					nolight	0.0	nan	False		False	2.0
3934.631	2.0	trials	nogo_tone	4000.0	80.0	3934.631	0.1	True	5.0	3935.631	0.01	True	100.0	12.0	3934.5809999999997	3935.031	audio	450.0	ALM	False		False	3.0
3945.78	2.0	trials	go_tone	8000.0	80.0	3945.78	0.1	False				False					nolight	0.0	nan	False		False	2.0
3956.731	2.0	trials	go_tone	8000.0	80.0	3956.731	0.1	False				False					nolight	0.0	nan	False		False	2.0
3967.903	2.0	trials	no_tone					True	5.0	3968.903	0.01	True	100.0	12.0	3968.8529999999996	3969.203	whisker	350.0	ALM	False		False	5.0
3978.671	2.0	trials	go_tone	8000.0	80.0	3978.671	0.1	False				False					nolight	0.0	nan	True	3980.6949999999997	True	2.0
3990.702	2.0	trials	go_tone	8000.0	80.0	3990.702	0.1	False				False					nolight	0.0	nan	True	3993.0260000000003	True	2.0
4003.031	2.0	trials	go_tone	8000.0	80.0	4003.031	0.1	False				False					nolight	0.0	nan	True	4005.5	True	2.0
4015.5	2.0	trials	go_tone	8000.0	80.0	4015.5	0.1	False				False					nolight	0.0	nan	True	4015.93	True	2.0
4025.932	2.0	trials	go_tone	8000.0	80.0	4025.932	0.1	False				False					nolight	0.0	nan	False		False	2.0
4037.483	2.0	trials	nogo_tone	4000.0	80.0	4037.483	0.1	False				False					nolight	0.0	nan	False		False	4.0
4048.083	2.0	trials	nogo_tone	4000.0	80.0	4048.083	0.1	True	5.0	4049.083	0.01	False					nolight	0.0	nan	False		False	3.0
4058.783	2.0	trials	no_tone					True	5.0	4059.783	0.01	False					nolight	0.0	nan	False		False	5.0
4070.243	2.0	trials	no_tone					True	5.0	4071.243	0.01	True	100.0	12.0	4070.1929999999998	4070.643	audio	450.0	ALM	False		False	5.0
4081.131	2.0	trials	go_tone	8000.0	80.0	4081.131	0.1	True	5.0	4082.131	0.01	True	100.0	12.0	4081.0809999999997	4081.531	audio	450.0	ALM	True	4083.8179999999998	False	1.0
4091.802	2.0	trials	nogo_tone	4000.0	80.0	4091.802	0.1	False				False					nolight	0.0	nan	True	4094.5570000000002	False	4.0
4102.912	2.0	trials	nogo_tone	4000.0	80.0	4102.912	0.1	False				False					nolight	0.0	nan	False		False	4.0
4113.803	2.0	trials	no_tone					True	5.0	4114.803	0.01	False					nolight	0.0	nan	False		False	5.0
4124.784	2.0	trials	nogo_tone	4000.0	80.0	4124.784	0.1	True	5.0	4125.784	0.01	False					nolight	0.0	nan	False		False	3.0
4135.613	2.0	trials	go_tone	8000.0	80.0	4135.613	0.1	True	5.0	4136.613	0.01	True	100.0	12.0	4136.013	4136.563	delay	550.0	ALM	True	4138.352	False	1.0
4146.795	2.0	trials	nogo_tone	4000.0	80.0	4146.795	0.1	True	5.0	4147.795	0.01	True	100.0	12.0	4147.195	4147.745	delay	550.0	ALM	True	4147.244	True	3.0
4157.245	2.0	trials	nogo_tone	4000.0	80.0	4157.245	0.1	True	5.0	4158.245	0.01	True	100.0	12.0	4157.6449999999995	4158.195	delay	550.0	ALM	False		False	3.0
4167.885	2.0	trials	nogo_tone	4000.0	80.0	4167.885	0.1	True	5.0	4168.885	0.01	False					nolight	0.0	nan	False		False	3.0
4179.041	2.0	trials	nogo_tone	4000.0	80.0	4179.041	0.1	False				False					nolight	0.0	nan	False		False	4.0
4189.945	2.0	trials	go_tone	8000.0	80.0	4189.945	0.1	True	5.0	4190.945	0.01	False					nolight	0.0	nan	True	4192.536999999999	False	1.0
4200.725	2.0	trials	no_tone					True	5.0	4201.725	0.01	False					nolight	0.0	nan	False		False	5.0
4211.676	2.0	trials	no_tone					True	5.0	4212.676	0.01	False					nolight	0.0	nan	False		False	5.0
4222.919	2.0	trials	nogo_tone	4000.0	80.0	4222.919	0.1	True	5.0	4223.919	0.01	False					nolight	0.0	nan	False		False	3.0
4233.572	2.0	trials	go_tone	8000.0	80.0	4233.572	0.1	True	5.0	4234.572	0.01	False					nolight	0.0	nan	True	4236.209	False	1.0
4244.816	2.0	trials	go_tone	8000.0	80.0	4244.816	0.1	True	5.0	4245.816	0.01	False					nolight	0.0	nan	True	4247.304999999999	True	1.0
4257.306	2.0	trials	go_tone	8000.0	80.0	4257.306	0.1	True	5.0	4258.306	0.01	False					nolight	0.0	nan	True	4259.8189999999995	True	1.0
4269.975	2.0	trials	go_tone	8000.0	80.0	4269.975	0.1	True	5.0	4270.975	0.01	False					nolight	0.0	nan	True	4272.425	True	1.0
4282.435	2.0	trials	go_tone	8000.0	80.0	4282.435	0.1	True	5.0	4283.435	0.01	False					nolight	0.0	nan	True	4282.795	True	1.0
4292.795	2.0	trials	go_tone	8000.0	80.0	4292.795	0.1	True	5.0	4293.795	0.01	False					nolight	0.0	nan	True	4295.218	True	1.0
4305.227	2.0	trials	go_tone	8000.0	80.0	4305.227	0.1	True	5.0	4306.227	0.01	False					nolight	0.0	nan	True	4307.82	False	1.0
4315.907	2.0	trials	nogo_tone	4000.0	80.0	4315.907	0.1	False				False					nolight	0.0	nan	False		False	4.0
4327.348	2.0	trials	nogo_tone	4000.0	80.0	4327.348	0.1	True	5.0	4328.348	0.01	False					nolight	0.0	nan	False		False	3.0
4338.468	2.0	trials	no_tone					True	5.0	4339.468	0.01	False					nolight	0.0	nan	False		False	5.0
4349.778	2.0	trials	nogo_tone	4000.0	80.0	4349.778	0.1	True	5.0	4350.778	0.01	False					nolight	0.0	nan	False		False	3.0
4360.798	2.0	trials	nogo_tone	4000.0	80.0	4360.798	0.1	False				True	100.0	12.0	4361.197999999999	4361.748	delay	550.0	ALM	False		False	4.0
4372.049	2.0	trials	go_tone	8000.0	80.0	4372.049	0.1	False				False					nolight	0.0	nan	False		False	2.0
4382.729	2.0	trials	go_tone	8000.0	80.0	4382.729	0.1	False				True	100.0	12.0	4382.679	4383.129	audio	450.0	ALM	False		False	2.0
4394.079	2.0	trials	nogo_tone	4000.0	80.0	4394.079	0.1	True	5.0	4395.079	0.01	True	100.0	12.0	4394.478999999999	4395.0289999999995	delay	550.0	ALM	False		False	3.0
4405.009	2.0	trials	nogo_tone	4000.0	80.0	4405.009	0.1	True	5.0	4406.009	0.01	True	100.0	12.0	4404.959	4405.409	audio	450.0	ALM	False		False	3.0
4416.048	2.0	trials	nogo_tone	4000.0	80.0	4416.048	0.1	False				False					nolight	0.0	nan	False		False	4.0
4427.35	2.0	trials	nogo_tone	4000.0	80.0	4427.35	0.1	True	5.0	4428.35	0.01	False					nolight	0.0	nan	True	4430.135	False	3.0
4438.37	2.0	trials	go_tone	8000.0	80.0	4438.37	0.1	True	5.0	4439.37	0.01	False					nolight	0.0	nan	True	4440.799	True	1.0
4450.8	2.0	trials	go_tone	8000.0	80.0	4450.8	0.1	True	5.0	4451.8	0.01	False					nolight	0.0	nan	True	4453.563	False	1.0
4461.76	2.0	trials	nogo_tone	4000.0	80.0	4461.76	0.1	False				False					nolight	0.0	nan	False		False	4.0
4472.45	2.0	trials	nogo_tone	4000.0	80.0	4472.45	0.1	False				False					nolight	0.0	nan	False		False	4.0
4483.049	2.0	trials	go_tone	8000.0	80.0	4483.049	0.1	True	5.0	4484.049	0.01	True	100.0	12.0	4483.999	4484.349	whisker	350.0	ALM	False		False	1.0
4494.431	2.0	trials	no_tone					True	5.0	4495.431	0.01	False					nolight	0.0	nan	False		False	5.0
4505.818	2.0	trials	no_tone					True	5.0	4506.818	0.01	True	100.0	12.0	4506.218	4506.768	delay	550.0	ALM	False		False	5.0
4517.306	2.0	trials	go_tone	8000.0	80.0	4517.306	0.1	False				False					nolight	0.0	nan	False		False	2.0
4528.3	2.0	trials	no_tone					True	5.0	4529.3	0.01	False					nolight	0.0	nan	False		False	5.0
4539.64	2.0	trials	nogo_tone	4000.0	80.0	4539.64	0.1	False				True	100.0	12.0	4539.59	4540.04	audio	450.0	ALM	False		False	4.0
4550.722	2.0	trials	go_tone	8000.0	80.0	4550.722	0.1	False				False					nolight	0.0	nan	False		False	2.0
4562.021	2.0	trials	no_tone					True	5.0	4563.021	0.01	True	100.0	12.0	4562.971	4563.321	whisker	350.0	ALM	False		False	5.0
4573.302	2.0	trials	go_tone	8000.0	80.0	4573.302	0.1	False				False					nolight	0.0	nan	False		False	2.0
4583.891	2.0	trials	no_tone					True	5.0	4584.891	0.01	True	100.0	12.0	4583.840999999999	4584.290999999999	audio	450.0	ALM	False		False	5.0
4595.082	2.0	trials	nogo_tone	4000.0	80.0	4595.082	0.1	True	5.0	4596.082	0.01	False					nolight	0.0	nan	True	4597.851000000001	False	3.0
4605.753	2.0	trials	nogo_tone	4000.0	80.0	4605.753	0.1	True	5.0	4606.753	0.01	True	100.0	12.0	4606.7029999999995	4607.053	whisker	350.0	ALM	False		False	3.0
4616.763	2.0	trials	go_tone	8000.0	80.0	4616.763	0.1	False				True	100.0	12.0	4617.163	4617.713	delay	550.0	ALM	False		False	2.0
4654.144	2.0	trials	go_tone	8000.0	80.0	4654.144	0.1	True	5.0	4655.144	0.01	True	100.0	12.0	4654.544	4655.094	delay	550.0	ALM	False		False	1.0
4665.214	2.0	trials	nogo_tone	4000.0	80.0	4665.214	0.1	True	5.0	4666.214	0.01	False					nolight	0.0	nan	False		False	3.0
4676.734	2.0	trials	go_tone	8000.0	80.0	4676.734	0.1	False				False					nolight	0.0	nan	True	4679.408	False	2.0
4688.303	2.0	trials	no_tone					True	5.0	4689.303	0.01	False					nolight	0.0	nan	False		False	5.0
4698.973	2.0	trials	go_tone	8000.0	80.0	4698.973	0.1	False				True	100.0	12.0	4699.923	4700.273	whisker	350.0	ALM	False		False	2.0
4710.253	2.0	trials	go_tone	8000.0	80.0	4710.253	0.1	True	5.0	4711.253	0.01	False					nolight	0.0	nan	True	4712.929	False	1.0
4721.5	2.0	trials	nogo_tone	4000.0	80.0	4721.5	0.1	False				False					nolight	0.0	nan	False		False	4.0
4732.295	2.0	trials	no_tone					True	5.0	4733.295	0.01	False					nolight	0.0	nan	False		False	5.0
4742.975	2.0	trials	go_tone	8000.0	80.0	4742.975	0.1	True	5.0	4743.975	0.01	False					nolight	0.0	nan	True	4745.67	False	1.0
4753.945	2.0	trials	go_tone	8000.0	80.0	4753.945	0.1	True	5.0	4754.945	0.01	True	100.0	12.0	4753.8949999999995	4754.344999999999	audio	450.0	ALM	True	4756.691	False	1.0
4766.766	2.0	trials	nogo_tone	4000.0	80.0	4766.766	0.1	False				False					nolight	0.0	nan	False		False	4.0
4778.069	2.0	trials	nogo_tone	4000.0	80.0	4778.069	0.1	False				True	100.0	12.0	4779.019	4779.369000000001	whisker	350.0	ALM	False		False	4.0
4788.754	2.0	trials	go_tone	8000.0	80.0	4788.754	0.1	False				False					nolight	0.0	nan	True	4791.244	True	2.0
4801.246	2.0	trials	go_tone	8000.0	80.0	4801.246	0.1	False				False					nolight	0.0	nan	False		False	2.0
4812.026	2.0	trials	go_tone	8000.0	80.0	4812.026	0.1	True	5.0	4813.026	0.01	False					nolight	0.0	nan	True	4814.697999999999	False	1.0
4823.436	2.0	trials	no_tone					True	5.0	4824.436	0.01	True	100.0	12.0	4823.3859999999995	4823.835999999999	audio	450.0	ALM	True	4826.275	False	5.0
4834.65	2.0	trials	no_tone					True	5.0	4835.65	0.01	True	100.0	12.0	4835.599999999999	4835.95	whisker	350.0	ALM	False		False	5.0
4846.017	2.0	trials	nogo_tone	4000.0	80.0	4846.017	0.1	True	5.0	4847.017	0.01	False					nolight	0.0	nan	True	4848.6759999999995	False	3.0
4857.038	2.0	trials	go_tone	8000.0	80.0	4857.038	0.1	False				True	100.0	12.0	4857.987999999999	4858.338	whisker	350.0	ALM	False		False	2.0
4868.278	2.0	trials	no_tone					True	5.0	4869.278	0.01	False					nolight	0.0	nan	False		False	5.0
4879.078	2.0	trials	nogo_tone	4000.0	80.0	4879.078	0.1	False				True	100.0	12.0	4880.028	4880.378000000001	whisker	350.0	ALM	False		False	4.0
4890.466	2.0	trials	go_tone	8000.0	80.0	4890.466	0.1	False				True	100.0	12.0	4890.416	4890.866	audio	450.0	ALM	False		False	2.0
4901.556	2.0	trials	no_tone					True	5.0	4902.556	0.01	False					nolight	0.0	nan	False		False	5.0
4912.507	2.0	trials	nogo_tone	4000.0	80.0	4912.507	0.1	False				False					nolight	0.0	nan	False		False	4.0
4923.478	2.0	trials	go_tone	8000.0	80.0	4923.478	0.1	True	5.0	4924.478	0.01	True	100.0	12.0	4923.428	4923.878	audio	450.0	ALM	True	4926.165	False	1.0
4934.459	2.0	trials	no_tone					True	5.0	4935.459	0.01	False					nolight	0.0	nan	False		False	5.0
4945.187	2.0	trials	nogo_tone	4000.0	80.0	4945.187	0.1	False				True	100.0	12.0	4945.5869999999995	4946.137	delay	550.0	ALM	False		False	4.0
4955.869	2.0	trials	go_tone	8000.0	80.0	4955.869	0.1	False				False					nolight	0.0	nan	False		False	2.0
4966.608	2.0	trials	no_tone					True	5.0	4967.608	0.01	False					nolight	0.0	nan	False		False	5.0
4977.378	2.0	trials	go_tone	8000.0	80.0	4977.378	0.1	True	5.0	4978.378	0.01	False					nolight	0.0	nan	True	4980.044	False	1.0
4987.95	2.0	trials	go_tone	8000.0	80.0	4987.95	0.1	False				False					nolight	0.0	nan	False		False	2.0
5001.708	2.0	trials	no_tone					True	5.0	5002.708	0.01	True	100.0	12.0	5002.107999999999	5002.657999999999	delay	550.0	ALM	True	5002.429999999999	True	5.0
5012.439	2.0	trials	no_tone					True	5.0	5013.439	0.01	True	100.0	12.0	5012.839	5013.389	delay	550.0	ALM	False		False	5.0
5023.94	2.0	trials	nogo_tone	4000.0	80.0	5023.94	0.1	False				False					nolight	0.0	nan	False		False	4.0
5037.41	2.0	trials	go_tone	8000.0	80.0	5037.41	0.1	False				True	100.0	12.0	5037.8099999999995	5038.36	delay	550.0	ALM	False		False	2.0
5048.559	2.0	trials	go_tone	8000.0	80.0	5048.559	0.1	True	5.0	5049.559	0.01	False					nolight	0.0	nan	True	5051.182	False	1.0
5060.111	2.0	trials	go_tone	8000.0	80.0	5060.111	0.1	True	5.0	5061.111	0.01	False					nolight	0.0	nan	True	5062.768	False	1.0
5071.531	2.0	trials	nogo_tone	4000.0	80.0	5071.531	0.1	True	5.0	5072.531	0.01	False					nolight	0.0	nan	True	5074.248	False	3.0
5082.389	2.0	trials	no_tone					True	5.0	5083.389	0.01	False					nolight	0.0	nan	False		False	5.0
5093.892	2.0	trials	go_tone	8000.0	80.0	5093.892	0.1	False				False					nolight	0.0	nan	False		False	2.0
5104.845	2.0	trials	go_tone	8000.0	80.0	5104.845	0.1	True	5.0	5105.845	0.01	False					nolight	0.0	nan	True	5107.54	False	1.0
5117.912	2.0	trials	nogo_tone	4000.0	80.0	5117.912	0.1	True	5.0	5118.912	0.01	True	100.0	12.0	5118.312	5118.862	delay	550.0	ALM	False		False	3.0
5129.443	2.0	trials	go_tone	8000.0	80.0	5129.443	0.1	True	5.0	5130.443	0.01	False					nolight	0.0	nan	False		False	1.0
5140.042	2.0	trials	nogo_tone	4000.0	80.0	5140.042	0.1	True	5.0	5141.042	0.01	True	100.0	12.0	5140.992	5141.342000000001	whisker	350.0	ALM	False		False	3.0
5151.462	2.0	trials	nogo_tone	4000.0	80.0	5151.462	0.1	True	5.0	5152.462	0.01	False					nolight	0.0	nan	False		False	3.0
5162.743	2.0	trials	go_tone	8000.0	80.0	5162.743	0.1	True	5.0	5163.743	0.01	True	100.0	12.0	5163.143	5163.693	delay	550.0	ALM	True	5165.7080000000005	False	1.0
5173.341	2.0	trials	nogo_tone	4000.0	80.0	5173.341	0.1	False				False					nolight	0.0	nan	False		False	4.0
5184.441	2.0	trials	nogo_tone	4000.0	80.0	5184.441	0.1	True	5.0	5185.441	0.01	False					nolight	0.0	nan	True	5187.173	False	3.0
5195.333	2.0	trials	nogo_tone	4000.0	80.0	5195.333	0.1	False				False					nolight	0.0	nan	False		False	4.0
5205.924	2.0	trials	nogo_tone	4000.0	80.0	5205.924	0.1	True	5.0	5206.924	0.01	False					nolight	0.0	nan	False		False	3.0
5217.484	2.0	trials	go_tone	8000.0	80.0	5217.484	0.1	True	5.0	5218.484	0.01	True	100.0	12.0	5218.434	5218.784000000001	whisker	350.0	ALM	False		False	1.0
5228.323	2.0	trials	nogo_tone	4000.0	80.0	5228.323	0.1	True	5.0	5229.323	0.01	False					nolight	0.0	nan	False		False	3.0
5239.762	2.0	trials	go_tone	8000.0	80.0	5239.762	0.1	False				False					nolight	0.0	nan	False		False	2.0
5251.084	2.0	trials	nogo_tone	4000.0	80.0	5251.084	0.1	False				False					nolight	0.0	nan	False		False	4.0
5262.625	2.0	trials	nogo_tone	4000.0	80.0	5262.625	0.1	False				False					nolight	0.0	nan	False		False	4.0
5273.813	2.0	trials	go_tone	8000.0	80.0	5273.813	0.1	True	5.0	5274.813	0.01	False					nolight	0.0	nan	False		False	1.0
5284.693	2.0	trials	nogo_tone	4000.0	80.0	5284.693	0.1	True	5.0	5285.693	0.01	True	100.0	12.0	5284.643	5285.093	audio	450.0	ALM	False		False	3.0
5295.975	2.0	trials	nogo_tone	4000.0	80.0	5295.975	0.1	False				True	100.0	12.0	5295.925	5296.375	audio	450.0	ALM	False		False	4.0
5306.569	2.0	trials	go_tone	8000.0	80.0	5306.569	0.1	False				False					nolight	0.0	nan	False		False	2.0
5317.764	2.0	trials	no_tone					True	5.0	5318.764	0.01	False					nolight	0.0	nan	False		False	5.0
5328.594	2.0	trials	go_tone	8000.0	80.0	5328.594	0.1	False				False					nolight	0.0	nan	False		False	2.0
5340.036	2.0	trials	no_tone					True	5.0	5341.036	0.01	False					nolight	0.0	nan	False		False	5.0
5351.176	2.0	trials	nogo_tone	4000.0	80.0	5351.176	0.1	True	5.0	5352.176	0.01	False					nolight	0.0	nan	False		False	3.0
5362.784	2.0	trials	no_tone					True	5.0	5363.784	0.01	True	100.0	12.0	5363.183999999999	5363.7339999999995	delay	550.0	ALM	False		False	5.0
5373.775	2.0	trials	go_tone	8000.0	80.0	5373.775	0.1	True	5.0	5374.775	0.01	True	100.0	12.0	5374.174999999999	5374.724999999999	delay	550.0	ALM	True	5376.477	False	1.0
5384.637	2.0	trials	go_tone	8000.0	80.0	5384.637	0.1	False				True	100.0	12.0	5385.5869999999995	5385.937	whisker	350.0	ALM	True	5386.974	True	2.0
5396.976	2.0	trials	go_tone	8000.0	80.0	5396.976	0.1	False				True	100.0	12.0	5397.9259999999995	5398.276	whisker	350.0	ALM	False		False	2.0
5407.926	2.0	trials	go_tone	8000.0	80.0	5407.926	0.1	True	5.0	5408.926	0.01	False					nolight	0.0	nan	True	5410.522	False	1.0
5419.026	2.0	trials	go_tone	8000.0	80.0	5419.026	0.1	True	5.0	5420.026	0.01	True	100.0	12.0	5418.976	5419.4259999999995	audio	450.0	ALM	True	5421.709	False	1.0
5432.398	2.0	trials	nogo_tone	4000.0	80.0	5432.398	0.1	True	5.0	5433.398	0.01	False					nolight	0.0	nan	True	5435.092000000001	False	3.0
5443.527	2.0	trials	go_tone	8000.0	80.0	5443.527	0.1	True	5.0	5444.527	0.01	True	100.0	12.0	5444.477	5444.827	whisker	350.0	ALM	True	5445.965	True	1.0
5455.966	2.0	trials	go_tone	8000.0	80.0	5455.966	0.1	True	5.0	5456.966	0.01	True	100.0	12.0	5456.916	5457.2660000000005	whisker	350.0	ALM	True	5456.606000000001	True	1.0
5466.617	2.0	trials	go_tone	8000.0	80.0	5466.617	0.1	True	5.0	5467.617	0.01	True	100.0	12.0	5467.567	5467.917	whisker	350.0	ALM	False		False	1.0
5477.648	2.0	trials	no_tone					True	5.0	5478.648	0.01	False					nolight	0.0	nan	False		False	5.0
5488.389	2.0	trials	go_tone	8000.0	80.0	5488.389	0.1	False				True	100.0	12.0	5488.789	5489.339	delay	550.0	ALM	False		False	2.0
5499.029	2.0	trials	no_tone					True	5.0	5500.029	0.01	True	100.0	12.0	5498.979	5499.429	audio	450.0	ALM	False		False	5.0
5510.027	2.0	trials	nogo_tone	4000.0	80.0	5510.027	0.1	True	5.0	5511.027	0.01	True	100.0	12.0	5509.977	5510.427	audio	450.0	ALM	False		False	3.0
5520.938	2.0	trials	go_tone	8000.0	80.0	5520.938	0.1	False				False					nolight	0.0	nan	False		False	2.0
5532.009	2.0	trials	nogo_tone	4000.0	80.0	5532.009	0.1	False				True	100.0	12.0	5531.959	5532.409	audio	450.0	ALM	False		False	4.0
5542.758	2.0	trials	no_tone					True	5.0	5543.758	0.01	False					nolight	0.0	nan	False		False	5.0
5554.87	2.0	trials	no_tone					True	5.0	5555.87	0.01	False					nolight	0.0	nan	False		False	5.0
5566.228	2.0	trials	nogo_tone	4000.0	80.0	5566.228	0.1	True	5.0	5567.228	0.01	True	100.0	12.0	5567.178	5567.528	whisker	350.0	ALM	False		False	3.0
5577.39	2.0	trials	nogo_tone	4000.0	80.0	5577.39	0.1	False				True	100.0	12.0	5578.34	5578.6900000000005	whisker	350.0	ALM	False		False	4.0
5588.57	2.0	trials	nogo_tone	4000.0	80.0	5588.57	0.1	False				False					nolight	0.0	nan	False		False	4.0
5599.241	2.0	trials	nogo_tone	4000.0	80.0	5599.241	0.1	True	5.0	5600.241	0.01	False					nolight	0.0	nan	False		False	3.0
5610.571	2.0	trials	go_tone	8000.0	80.0	5610.571	0.1	True	5.0	5611.571	0.01	False					nolight	0.0	nan	False		False	1.0
5621.529	2.0	trials	nogo_tone	4000.0	80.0	5621.529	0.1	False				False					nolight	0.0	nan	False		False	4.0
5632.331	2.0	trials	go_tone	8000.0	80.0	5632.331	0.1	False				True	100.0	12.0	5632.281	5632.731	audio	450.0	ALM	False		False	2.0
5643.21	2.0	trials	no_tone					True	5.0	5644.21	0.01	False					nolight	0.0	nan	False		False	5.0
5654.462	2.0	trials	go_tone	8000.0	80.0	5654.462	0.1	True	5.0	5655.462	0.01	False					nolight	0.0	nan	False		False	1.0
5665.51	2.0	trials	nogo_tone	4000.0	80.0	5665.51	0.1	False				False					nolight	0.0	nan	False		False	4.0
5676.461	2.0	trials	go_tone	8000.0	80.0	5676.461	0.1	False				False					nolight	0.0	nan	False		False	2.0
5688.002	2.0	trials	no_tone					True	5.0	5689.002	0.01	False					nolight	0.0	nan	False		False	5.0
5698.812	2.0	trials	nogo_tone	4000.0	80.0	5698.812	0.1	False				True	100.0	12.0	5699.2119999999995	5699.762	delay	550.0	ALM	True	5699.548	True	4.0
5710.293	2.0	trials	nogo_tone	4000.0	80.0	5710.293	0.1	False				True	100.0	12.0	5710.692999999999	5711.2429999999995	delay	550.0	ALM	False		False	4.0
5721.683	2.0	trials	go_tone	8000.0	80.0	5721.683	0.1	False				False					nolight	0.0	nan	False		False	2.0
5733.143	2.0	trials	nogo_tone	4000.0	80.0	5733.143	0.1	False				False					nolight	0.0	nan	False		False	4.0
5744.393	2.0	trials	nogo_tone	4000.0	80.0	5744.393	0.1	True	5.0	5745.393	0.01	False					nolight	0.0	nan	False		False	3.0
5755.913	2.0	trials	nogo_tone	4000.0	80.0	5755.913	0.1	True	5.0	5756.913	0.01	True	100.0	12.0	5756.312999999999	5756.862999999999	delay	550.0	ALM	False		False	3.0
5767.344	2.0	trials	go_tone	8000.0	80.0	5767.344	0.1	True	5.0	5768.344	0.01	False					nolight	0.0	nan	True	5770.128	False	1.0
5778.764	2.0	trials	go_tone	8000.0	80.0	5778.764	0.1	True	5.0	5779.764	0.01	False					nolight	0.0	nan	True	5781.586	False	1.0
5793.354	2.0	trials	nogo_tone	4000.0	80.0	5793.354	0.1	True	5.0	5794.354	0.01	False					nolight	0.0	nan	False		False	3.0
5804.532	2.0	trials	no_tone					True	5.0	5805.532	0.01	True	100.0	12.0	5805.482	5805.832	whisker	350.0	ALM	False		False	5.0
5815.123	2.0	trials	nogo_tone	4000.0	80.0	5815.123	0.1	False				False					nolight	0.0	nan	False		False	4.0
5826.415	2.0	trials	nogo_tone	4000.0	80.0	5826.415	0.1	False				False					nolight	0.0	nan	False		False	4.0
5837.455	2.0	trials	go_tone	8000.0	80.0	5837.455	0.1	False				False					nolight	0.0	nan	False		False	2.0
5848.524	2.0	trials	go_tone	8000.0	80.0	5848.524	0.1	False				False					nolight	0.0	nan	False		False	2.0
5859.925	2.0	trials	nogo_tone	4000.0	80.0	5859.925	0.1	True	5.0	5860.925	0.01	False					nolight	0.0	nan	False		False	3.0
5870.776	2.0	trials	go_tone	8000.0	80.0	5870.776	0.1	False				False					nolight	0.0	nan	False		False	2.0
5881.656	2.0	trials	go_tone	8000.0	80.0	5881.656	0.1	True	5.0	5882.656	0.01	False					nolight	0.0	nan	True	5884.591	False	1.0
5892.434	2.0	trials	nogo_tone	4000.0	80.0	5892.434	0.1	True	5.0	5893.434	0.01	True	100.0	12.0	5893.384	5893.734	whisker	350.0	ALM	False		False	3.0
5903.816	2.0	trials	nogo_tone	4000.0	80.0	5903.816	0.1	True	5.0	5904.816	0.01	False					nolight	0.0	nan	False		False	3.0
5914.396	2.0	trials	nogo_tone	4000.0	80.0	5914.396	0.1	False				True	100.0	12.0	5914.795999999999	5915.346	delay	550.0	ALM	False		False	4.0
5925.055	2.0	trials	go_tone	8000.0	80.0	5925.055	0.1	True	5.0	5926.055	0.01	False					nolight	0.0	nan	False		False	1.0
